reference_signal_id,directional_bin_count,assigned_crash_count,assigned_crashes_urban_count,assigned_crashes_rural_count,assigned_crashes_unknown_area_type_count,assigned_crashes_with_area_type_count,bins_with_assigned_crash,bins_with_access_context,bins_with_stable_speed_context,bins_with_stable_aadt_context,bins_with_urban_rural_context,bins_with_complete_core_context
signal_000007,98,2,0,2,0,2,2,98,98,98,0,0
signal_000008,188,4,0,4,0,4,3,188,188,184,0,0
signal_000011,156,2,0,2,0,2,2,156,156,156,0,0
signal_000012,98,13,0,13,0,13,8,98,98,98,0,0
signal_000013,98,6,0,6,0,6,6,98,98,98,0,0
signal_000014,392,9,0,9,0,9,9,392,392,392,0,0
signal_000018,294,13,6,7,0,13,11,294,294,294,0,0
signal_000023,75,57,57,0,0,57,28,75,75,75,0,0
signal_000031,121,80,80,0,0,80,42,121,121,121,0,0
signal_000035,24,0,0,0,0,0,0,24,24,24,0,0
signal_000037,76,37,37,0,0,37,18,76,76,76,0,0
signal_000040,28,5,5,0,0,5,3,28,20,28,0,0
signal_000042,148,17,17,0,0,17,12,148,138,148,0,0
signal_000046,271,15,11,4,0,15,14,271,271,269,0,0
signal_000047,64,10,10,0,0,10,8,64,64,64,0,0
signal_000048,162,13,0,13,0,13,11,162,162,162,0,0
signal_000054,196,10,0,10,0,10,7,196,196,195,0,0
signal_000056,144,13,0,13,0,13,11,144,144,144,0,0
signal_000059,268,27,27,0,0,27,19,268,268,268,0,0
signal_000060,50,16,16,0,0,16,12,50,38,50,0,0
signal_000061,72,5,5,0,0,5,5,72,72,72,0,0
signal_000064,184,33,33,0,0,33,21,184,184,184,0,0
signal_000066,94,10,10,0,0,10,9,94,94,94,0,0
signal_000068,98,2,2,0,0,2,2,98,98,98,0,0
signal_000071,52,2,2,0,0,2,2,52,52,52,0,0
signal_000072,162,6,6,0,0,6,6,162,0,162,0,0
signal_000073,224,1,1,0,0,1,1,224,0,220,0,0
signal_000085,132,26,26,0,0,26,20,132,132,132,0,0
signal_000086,100,38,38,0,0,38,29,100,100,100,0,0
signal_000087,118,10,10,0,0,10,8,118,69,118,0,0
signal_000089,204,56,56,0,0,56,37,204,170,200,0,0
signal_000090,112,6,6,0,0,6,5,112,98,112,0,0
signal_000091,42,2,2,0,0,2,2,42,42,40,0,0
signal_000093,206,11,10,1,0,11,11,206,206,195,0,0
signal_000101,246,35,35,0,0,35,29,246,246,243,0,0
signal_000102,51,24,24,0,0,24,9,51,51,51,0,0
signal_000106,86,5,5,0,0,5,4,86,86,86,0,0
signal_000107,26,1,1,0,0,1,1,26,26,22,0,0
signal_000115,98,2,1,1,0,2,2,98,98,98,0,0
signal_000118,156,16,16,0,0,16,13,156,156,139,0,0
signal_000124,220,17,7,10,0,17,13,220,220,220,0,0
signal_000130,116,9,7,2,0,9,7,116,116,116,0,0
signal_000137,198,65,65,0,0,65,41,198,198,193,0,0
signal_000138,166,34,34,0,0,34,20,166,166,164,0,0
signal_000140,98,17,17,0,0,17,11,98,98,98,0,0
signal_000141,6,0,0,0,0,0,0,6,0,6,0,0
signal_000142,180,2,2,0,0,2,2,180,180,180,0,0
signal_000143,132,8,8,0,0,8,8,132,132,132,0,0
signal_000145,94,6,6,0,0,6,6,94,94,92,0,0
signal_000148,168,50,50,0,0,50,34,168,122,164,0,0
signal_000150,12,5,5,0,0,5,3,12,12,12,0,0
signal_000152,4,1,1,0,0,1,1,4,4,4,0,0
signal_000162,98,0,0,0,0,0,0,98,98,90,0,0
signal_000163,158,13,0,13,0,13,12,158,158,156,0,0
signal_000165,12,1,0,1,0,1,1,12,12,12,0,0
signal_000166,16,1,0,1,0,1,1,16,16,16,0,0
signal_000167,258,14,0,14,0,14,13,258,258,257,0,0
signal_000168,26,0,0,0,0,0,0,26,26,26,0,0
signal_000170,38,0,0,0,0,0,0,38,26,26,0,0
signal_000173,52,8,8,0,0,8,6,52,52,52,0,0
signal_000177,226,28,28,0,0,28,20,226,226,226,0,0
signal_000178,294,23,23,0,0,23,19,294,294,294,0,0
signal_000179,100,6,6,0,0,6,5,100,100,100,0,0
signal_000181,16,2,0,2,0,2,2,16,12,16,0,0
signal_000182,92,8,0,8,0,8,7,92,80,74,0,0
signal_000183,2,2,2,0,0,2,1,2,0,0,0,0
signal_000184,98,5,5,0,0,5,5,98,98,98,0,0
signal_000189,156,4,0,4,0,4,4,156,58,146,0,0
signal_000191,144,7,0,7,0,7,6,144,100,142,0,0
signal_000192,97,1,0,1,0,1,1,97,97,97,0,0
signal_000195,140,2,0,2,0,2,2,140,140,140,0,0
signal_000199,98,8,8,0,0,8,6,98,92,98,0,0
signal_000200,98,1,0,1,0,1,1,98,98,98,0,0
signal_000202,106,16,0,16,0,16,11,106,106,104,0,0
signal_000211,254,6,0,6,0,6,6,254,236,244,0,0
signal_000213,228,26,0,26,0,26,18,228,228,222,0,0
signal_000214,28,3,0,3,0,3,1,28,28,28,0,0
signal_000242,196,21,21,0,0,21,14,196,196,192,0,0
signal_000243,86,4,4,0,0,4,3,86,78,82,0,0
signal_000248,98,2,2,0,0,2,2,98,98,98,0,0
signal_000257,196,13,13,0,0,13,9,196,196,196,0,0
signal_000266,2,0,0,0,0,0,0,2,0,2,0,0
signal_000270,378,22,22,0,0,22,19,378,378,378,0,0
signal_000272,50,20,20,0,0,20,11,50,50,50,0,0
signal_000273,38,5,5,0,0,5,4,38,38,38,0,0
signal_000274,46,2,2,0,0,2,2,46,46,46,0,0
signal_000277,98,5,5,0,0,5,4,98,98,98,0,0
signal_000278,90,9,9,0,0,9,6,90,90,90,0,0
signal_000288,30,1,1,0,0,1,1,30,30,30,0,0
signal_000293,80,14,14,0,0,14,9,80,80,80,0,0
signal_000296,182,21,21,0,0,21,13,182,182,182,0,0
signal_000298,154,8,8,0,0,8,8,154,154,154,0,0
signal_000303,32,11,11,0,0,11,7,32,32,32,0,0
signal_000306,148,13,13,0,0,13,10,148,148,148,0,0
signal_000308,338,35,35,0,0,35,26,338,338,336,0,0
signal_000309,214,19,19,0,0,19,13,214,214,212,0,0
signal_000342,52,27,27,0,0,27,11,52,52,52,0,0
signal_000346,84,31,31,0,0,31,18,84,84,84,0,0
signal_000348,190,9,9,0,0,9,9,190,190,190,0,0
signal_000362,108,5,5,0,0,5,5,108,108,106,0,0
signal_000363,38,0,0,0,0,0,0,38,38,38,0,0
signal_000370,132,25,25,0,0,25,20,132,132,132,0,0
signal_000378,32,81,81,0,0,81,26,32,32,32,0,0
signal_000380,108,34,34,0,0,34,29,108,108,108,0,0
signal_000381,39,16,16,0,0,16,12,39,39,39,0,0
signal_000384,84,84,84,0,0,84,45,84,84,84,0,0
signal_000388,52,6,6,0,0,6,5,52,0,48,0,0
signal_000393,300,12,0,12,0,12,12,300,300,289,0,0
signal_000394,42,5,0,5,0,5,5,42,22,42,0,0
signal_000402,90,5,0,5,0,5,5,90,90,88,0,0
signal_000409,388,13,0,13,0,13,12,388,388,386,0,0
signal_000413,54,1,0,1,0,1,1,54,48,54,0,0
signal_000417,120,5,5,0,0,5,5,120,120,120,0,0
signal_000420,22,4,0,4,0,4,2,22,22,22,0,0
signal_000422,146,29,0,29,0,29,21,146,146,146,0,0
signal_000423,50,9,0,9,0,9,8,50,50,50,0,0
signal_000425,126,5,0,5,0,5,4,126,126,126,0,0
signal_000464,47,25,25,0,0,25,13,47,47,46,0,0
signal_000469,48,21,21,0,0,21,10,48,48,48,0,0
signal_000475,34,28,28,0,0,28,14,34,34,34,0,0
signal_000493,54,4,4,0,0,4,2,54,30,54,0,0
signal_000503,220,16,16,0,0,16,12,220,220,220,0,0
signal_000508,6,0,0,0,0,0,0,6,0,6,0,0
signal_000517,56,5,5,0,0,5,4,56,42,56,0,0
signal_000541,18,4,4,0,0,4,2,18,0,18,0,0
signal_000542,18,3,3,0,0,3,1,18,0,14,0,0
signal_000562,106,12,12,0,0,12,7,106,106,106,0,0
signal_000563,94,47,47,0,0,47,24,94,94,88,0,0
signal_000576,51,12,12,0,0,12,8,51,51,51,0,0
signal_000581,132,10,10,0,0,10,8,132,132,130,0,0
signal_000583,30,2,2,0,0,2,2,30,30,30,0,0
signal_000625,196,3,3,0,0,3,3,196,0,196,0,0
signal_000626,46,0,0,0,0,0,0,46,0,46,0,0
signal_000628,212,6,6,0,0,6,6,212,212,212,0,0
signal_000633,98,3,3,0,0,3,3,98,98,98,0,0
signal_000635,136,25,25,0,0,25,14,136,128,122,0,0
signal_000636,102,6,6,0,0,6,6,102,102,102,0,0
signal_000637,264,28,28,0,0,28,21,264,264,260,0,0
signal_000639,160,18,18,0,0,18,15,160,160,156,0,0
signal_000640,46,7,7,0,0,7,6,46,46,42,0,0
signal_000641,208,8,8,0,0,8,5,208,170,206,0,0
signal_000642,56,3,3,0,0,3,3,56,56,56,0,0
signal_000651,61,37,37,0,0,37,21,61,61,61,0,0
signal_000658,33,9,9,0,0,9,8,33,33,33,0,0
signal_000663,74,5,5,0,0,5,2,74,74,74,0,0
signal_000666,16,0,0,0,0,0,0,16,0,16,0,0
signal_000669,99,32,32,0,0,32,26,99,99,96,0,0
signal_000674,123,39,39,0,0,39,24,123,123,123,0,0
signal_000678,78,4,4,0,0,4,4,78,78,76,0,0
signal_000679,206,24,24,0,0,24,17,206,206,202,0,0
signal_000680,92,10,10,0,0,10,8,92,92,92,0,0
signal_000681,62,9,9,0,0,9,6,62,14,20,0,0
signal_000692,162,10,10,0,0,10,9,162,162,162,0,0
signal_000694,246,11,11,0,0,11,11,246,246,246,0,0
signal_000697,316,9,9,0,0,9,8,316,316,316,0,0
signal_000698,224,17,17,0,0,17,15,224,224,222,0,0
signal_000699,134,1,1,0,0,1,1,134,134,134,0,0
signal_000700,80,7,7,0,0,7,4,80,80,80,0,0
signal_000705,256,8,8,0,0,8,8,256,170,256,0,0
signal_000707,96,0,0,0,0,0,0,96,90,96,0,0
signal_000720,28,6,6,0,0,6,5,28,28,27,0,0
signal_000736,84,0,0,0,0,0,0,84,0,84,0,0
signal_000740,98,0,0,0,0,0,0,98,98,98,0,0
signal_000747,86,0,0,0,0,0,0,86,86,86,0,0
signal_000750,372,26,26,0,0,26,23,372,372,370,0,0
signal_000751,196,15,15,0,0,15,14,196,196,196,0,0
signal_000752,110,9,9,0,0,9,6,110,110,110,0,0
signal_000753,226,5,5,0,0,5,5,226,226,226,0,0
signal_000754,232,10,10,0,0,10,7,232,232,232,0,0
signal_000763,62,12,12,0,0,12,10,62,0,62,0,0
signal_000768,38,4,4,0,0,4,3,38,38,38,0,0
signal_000774,120,14,14,0,0,14,11,120,120,118,0,0
signal_000781,138,1,1,0,0,1,1,138,40,138,0,0
signal_000783,320,7,7,0,0,7,6,320,291,320,0,0
signal_000784,130,4,4,0,0,4,4,130,130,130,0,0
signal_000786,210,10,10,0,0,10,8,210,210,210,0,0
signal_000787,282,8,8,0,0,8,7,282,282,282,0,0
signal_000792,110,3,3,0,0,3,3,110,110,110,0,0
signal_000793,146,1,1,0,0,1,1,146,146,146,0,0
signal_000800,98,9,9,0,0,9,5,98,98,96,0,0
signal_000815,98,2,2,0,0,2,2,98,98,96,0,0
signal_000816,102,7,7,0,0,7,6,102,102,64,0,0
signal_000821,296,12,12,0,0,12,9,296,200,296,0,0
signal_000822,166,8,8,0,0,8,7,166,166,166,0,0
signal_000830,132,1,1,0,0,1,1,132,108,132,0,0
signal_000835,314,13,13,0,0,13,13,314,120,314,0,0
signal_000843,214,3,3,0,0,3,3,214,72,214,0,0
signal_000854,22,8,8,0,0,8,4,22,22,22,0,0
signal_000860,22,5,5,0,0,5,5,22,22,19,0,0
signal_000868,82,15,15,0,0,15,2,82,32,82,0,0
signal_000869,34,3,3,0,0,3,2,34,34,34,0,0
signal_000870,10,0,0,0,0,0,0,10,4,10,0,0
signal_000871,40,1,1,0,0,1,1,40,40,40,0,0
signal_000875,52,9,9,0,0,9,8,52,52,52,0,0
signal_000877,38,12,12,0,0,12,9,38,12,38,0,0
signal_000878,372,23,23,0,0,23,18,372,372,372,0,0
signal_000912,247,6,6,0,0,6,3,247,247,241,0,0
signal_000923,194,11,11,0,0,11,8,194,194,194,0,0
signal_000924,294,20,20,0,0,20,10,294,294,294,0,0
signal_000926,112,5,5,0,0,5,4,112,112,112,0,0
signal_000927,52,4,4,0,0,4,4,52,52,52,0,0
signal_000935,56,3,3,0,0,3,3,56,0,56,0,0
signal_000942,126,10,10,0,0,10,9,126,50,122,0,0
signal_000951,120,7,7,0,0,7,7,120,0,120,0,0
signal_000956,196,1,1,0,0,1,1,196,0,196,0,0
signal_000958,298,7,7,0,0,7,5,298,298,297,0,0
signal_000959,308,5,5,0,0,5,5,308,308,308,0,0
signal_000960,322,4,4,0,0,4,4,322,176,322,0,0
signal_000961,40,1,1,0,0,1,1,40,28,40,0,0
signal_000962,134,11,11,0,0,11,7,134,134,130,0,0
signal_000963,98,3,3,0,0,3,3,98,98,98,0,0
signal_000965,110,2,2,0,0,2,2,110,58,110,0,0
signal_000966,148,13,13,0,0,13,11,148,104,100,0,0
signal_000977,208,7,7,0,0,7,7,208,208,208,0,0
signal_000984,202,13,13,0,0,13,12,202,202,202,0,0
signal_000988,50,9,9,0,0,9,7,50,36,50,0,0
signal_000990,114,15,15,0,0,15,12,114,114,114,0,0
signal_001001,12,0,0,0,0,0,0,12,0,12,0,0
signal_001007,208,11,11,0,0,11,8,208,161,180,0,0
signal_001011,172,2,2,0,0,2,2,172,172,172,0,0
signal_001012,320,9,9,0,0,9,7,320,320,320,0,0
signal_001015,214,7,7,0,0,7,6,214,214,213,0,0
signal_001019,44,3,3,0,0,3,2,44,0,44,0,0
signal_001020,292,14,14,0,0,14,10,292,292,292,0,0
signal_001021,98,6,6,0,0,6,6,98,98,98,0,0
signal_001026,96,7,7,0,0,7,3,96,58,96,0,0
signal_001027,392,9,9,0,0,9,8,392,392,390,0,0
signal_001028,188,13,13,0,0,13,12,188,188,186,0,0
signal_001029,126,9,9,0,0,9,7,126,126,120,0,0
signal_001033,182,7,7,0,0,7,7,182,182,180,0,0
signal_001036,232,13,13,0,0,13,10,232,232,232,0,0
signal_001039,212,8,8,0,0,8,7,212,212,212,0,0
signal_001040,174,2,2,0,0,2,2,174,174,174,0,0
signal_001042,108,18,18,0,0,18,15,108,108,108,0,0
signal_001043,24,1,1,0,0,1,1,24,24,20,0,0
signal_001044,132,3,3,0,0,3,3,132,132,132,0,0
signal_001045,54,2,2,0,0,2,2,54,54,54,0,0
signal_001047,146,3,3,0,0,3,3,146,146,144,0,0
signal_001048,48,2,2,0,0,2,2,48,48,46,0,0
signal_001060,96,0,0,0,0,0,0,96,2,96,0,0
signal_001064,60,2,2,0,0,2,2,60,22,60,0,0
signal_001094,8,0,0,0,0,0,0,8,0,4,0,0
signal_001097,196,6,6,0,0,6,3,196,196,196,0,0
signal_001101,54,7,7,0,0,7,4,54,54,54,0,0
signal_001110,208,9,9,0,0,9,8,208,208,180,0,0
signal_001131,130,39,39,0,0,39,18,130,124,130,0,0
signal_001132,16,4,4,0,0,4,3,16,16,16,0,0
signal_001133,34,4,4,0,0,4,3,34,4,34,0,0
signal_001151,232,6,6,0,0,6,5,232,232,230,0,0
signal_001153,48,0,0,0,0,0,0,48,22,20,0,0
signal_001160,32,0,0,0,0,0,0,32,12,30,0,0
signal_001163,160,7,7,0,0,7,5,160,0,156,0,0
signal_001201,198,13,0,13,0,13,12,198,198,188,0,0
signal_001204,240,15,0,15,0,15,12,240,240,240,0,0
signal_001205,144,6,6,0,0,6,6,144,144,144,0,0
signal_001214,294,14,0,14,0,14,14,294,294,294,0,0
signal_001215,174,9,0,9,0,9,9,174,174,174,0,0
signal_001216,276,11,1,10,0,11,11,276,276,276,0,0
signal_001221,216,24,0,24,0,24,16,216,216,197,0,0
signal_001223,212,8,0,8,0,8,7,212,212,206,0,0
signal_001224,110,11,0,11,0,11,7,110,110,110,0,0
signal_001228,28,17,17,0,0,17,10,28,28,23,0,0
signal_001229,98,7,7,0,0,7,5,98,98,98,0,0
signal_001231,232,18,18,0,0,18,16,232,183,230,0,0
signal_001235,126,25,25,0,0,25,20,126,126,126,0,0
signal_001238,52,7,7,0,0,7,6,52,52,52,0,0
signal_001239,64,12,12,0,0,12,5,64,64,64,0,0
signal_001244,190,4,4,0,0,4,2,190,190,144,0,0
signal_001246,20,0,0,0,0,0,0,20,20,20,0,0
signal_001254,110,39,39,0,0,39,31,110,110,102,0,0
signal_001272,236,19,19,0,0,19,15,236,236,236,0,0
signal_001273,196,11,11,0,0,11,10,196,196,196,0,0
signal_001276,120,1,1,0,0,1,1,120,120,120,0,0
signal_001279,282,13,13,0,0,13,13,282,282,280,0,0
signal_001280,182,6,0,6,0,6,5,182,182,182,0,0
signal_001281,294,15,15,0,0,15,11,294,294,294,0,0
signal_001283,150,7,7,0,0,7,6,150,150,150,0,0
signal_001285,234,11,11,0,0,11,10,234,234,234,0,0
signal_001289,48,2,0,2,0,2,2,48,48,38,0,0
signal_001296,126,9,9,0,0,9,7,126,126,64,0,0
signal_001305,98,0,0,0,0,0,0,98,98,98,0,0
signal_001309,290,20,0,20,0,20,13,290,290,290,0,0
signal_001314,152,9,0,9,0,9,7,152,134,150,0,0
signal_001319,196,9,0,9,0,9,9,196,196,196,0,0
signal_001321,150,0,0,0,0,0,0,150,150,141,0,0
signal_001323,76,2,0,2,0,2,2,76,76,58,0,0
signal_001324,196,19,19,0,0,19,17,196,196,196,0,0
signal_001325,222,20,20,0,0,20,16,222,166,222,0,0
signal_001334,146,9,7,2,0,9,7,146,146,145,0,0
signal_001339,392,12,3,9,0,12,11,392,392,392,0,0
signal_001343,363,10,2,8,0,10,10,363,363,363,0,0
signal_001345,46,0,0,0,0,0,0,46,46,46,0,0
signal_001348,234,7,1,6,0,7,6,234,234,232,0,0
signal_001350,80,1,1,0,0,1,1,80,80,76,0,0
signal_001358,98,10,9,1,0,10,7,98,98,98,0,0
signal_001359,72,3,0,3,0,3,2,72,72,72,0,0
signal_001363,130,5,5,0,0,5,5,130,114,130,0,0
signal_001364,280,10,10,0,0,10,10,280,280,278,0,0
signal_001367,60,1,1,0,0,1,1,60,60,60,0,0
signal_001368,72,3,3,0,0,3,3,72,72,70,0,0
signal_001370,280,35,35,0,0,35,27,280,162,280,0,0
signal_001379,38,6,6,0,0,6,4,38,38,38,0,0
signal_001381,51,62,62,0,0,62,30,51,51,51,0,0
signal_001382,82,54,54,0,0,54,31,82,82,76,0,0
signal_001385,16,9,9,0,0,9,5,16,16,12,0,0
signal_001387,70,35,35,0,0,35,19,70,70,70,0,0
signal_001389,82,1,1,0,0,1,1,82,82,75,0,0
signal_001390,36,1,1,0,0,1,1,36,36,32,0,0
signal_001391,66,0,0,0,0,0,0,66,66,62,0,0
signal_001392,66,10,10,0,0,10,8,66,66,66,0,0
signal_001393,54,27,27,0,0,27,15,54,54,45,0,0
signal_001395,37,16,16,0,0,16,8,37,37,30,0,0
signal_001396,98,20,20,0,0,20,14,98,98,96,0,0
signal_001399,22,4,4,0,0,4,3,22,22,22,0,0
signal_001401,8,2,2,0,0,2,2,8,8,8,0,0
signal_001402,86,26,26,0,0,26,11,86,86,86,0,0
signal_001403,24,9,9,0,0,9,4,24,24,24,0,0
signal_001410,198,38,38,0,0,38,24,198,108,198,0,0
signal_001411,38,4,4,0,0,4,4,38,38,38,0,0
signal_001412,82,76,76,0,0,76,38,82,82,76,0,0
signal_001414,156,111,111,0,0,111,59,156,156,156,0,0
signal_001418,106,21,21,0,0,21,14,106,106,105,0,0
signal_001420,99,0,0,0,0,0,0,99,99,99,0,0
signal_001426,278,14,14,0,0,14,11,278,146,278,0,0
signal_001428,22,58,58,0,0,58,16,22,22,22,0,0
signal_001430,92,21,21,0,0,21,9,92,92,88,0,0
signal_001431,86,8,8,0,0,8,6,86,86,86,0,0
signal_001432,82,0,0,0,0,0,0,82,82,82,0,0
signal_001433,17,15,15,0,0,15,10,17,17,17,0,0
signal_001437,76,11,11,0,0,11,10,76,76,76,0,0
signal_001438,18,6,6,0,0,6,3,18,18,18,0,0
signal_001445,146,13,13,0,0,13,12,146,146,142,0,0
signal_001446,126,21,21,0,0,21,13,126,126,125,0,0
signal_001449,238,65,65,0,0,65,33,238,140,236,0,0
signal_001451,76,26,26,0,0,26,16,76,76,76,0,0
signal_001466,112,60,60,0,0,60,36,112,112,110,0,0
signal_001467,105,48,48,0,0,48,30,105,105,104,0,0
signal_001468,135,2,2,0,0,2,2,135,135,135,0,0
signal_001469,98,4,4,0,0,4,3,98,0,98,0,0
signal_001471,112,14,14,0,0,14,10,112,112,112,0,0
signal_001473,65,9,9,0,0,9,7,65,65,65,0,0
signal_001474,98,7,7,0,0,7,7,98,98,98,0,0
signal_001476,23,3,3,0,0,3,3,23,23,23,0,0
signal_001477,22,9,9,0,0,9,5,22,22,22,0,0
signal_001481,115,223,223,0,0,223,88,115,115,115,0,0
signal_001482,70,16,16,0,0,16,13,70,70,69,0,0
signal_001483,174,97,97,0,0,97,55,174,174,171,0,0
signal_001486,124,49,49,0,0,49,33,124,124,123,0,0
signal_001488,148,62,62,0,0,62,29,148,122,148,0,0
signal_001491,66,19,19,0,0,19,9,66,66,56,0,0
signal_001495,118,88,88,0,0,88,44,118,118,113,0,0
signal_001501,224,28,28,0,0,28,23,224,224,224,0,0
signal_001514,114,8,8,0,0,8,8,114,114,112,0,0
signal_001522,138,4,4,0,0,4,4,138,124,138,0,0
signal_001525,264,10,6,4,0,10,10,264,264,263,0,0
signal_001533,48,4,4,0,0,4,4,48,48,46,0,0
signal_001540,20,0,0,0,0,0,0,20,20,20,0,0
signal_001545,114,15,7,8,0,15,13,114,98,114,0,0
signal_001546,84,0,0,0,0,0,0,84,84,84,0,0
signal_001548,58,3,3,0,0,3,3,58,58,58,0,0
signal_001552,30,0,0,0,0,0,0,30,30,29,0,0
signal_001553,89,9,9,0,0,9,7,89,89,87,0,0
signal_001554,92,0,0,0,0,0,0,92,92,92,0,0
signal_001556,28,14,14,0,0,14,7,28,28,28,0,0
signal_001557,40,23,23,0,0,23,11,40,40,40,0,0
signal_001560,46,1,0,1,0,1,1,46,46,46,0,0
signal_001562,54,1,1,0,0,1,1,54,54,48,0,0
signal_001568,28,11,11,0,0,11,2,28,28,28,0,0
signal_001569,17,12,12,0,0,12,6,17,17,0,0,0
signal_001589,86,18,0,18,0,18,14,86,86,84,0,0
signal_001593,184,9,0,9,0,9,9,184,184,182,0,0
signal_001594,116,1,0,1,0,1,1,116,116,116,0,0
signal_001595,214,5,0,5,0,5,5,214,214,208,0,0
signal_001601,8,1,0,1,0,1,1,8,8,8,0,0
signal_001604,148,4,0,4,0,4,3,148,148,148,0,0
signal_001605,106,7,0,7,0,7,6,106,106,106,0,0
signal_001609,264,32,29,3,0,32,23,264,264,264,0,0
signal_001611,98,18,18,0,0,18,6,98,98,98,0,0
signal_001614,40,5,5,0,0,5,3,40,0,0,0,0
signal_001619,63,56,56,0,0,56,28,63,63,63,0,0
signal_001621,168,28,28,0,0,28,21,168,62,168,0,0
signal_001622,62,7,7,0,0,7,6,62,62,62,0,0
signal_001623,202,21,20,1,0,21,15,202,202,202,0,0
signal_001624,256,35,0,35,0,35,22,256,256,256,0,0
signal_001625,294,31,0,31,0,31,19,294,294,294,0,0
signal_001626,332,23,0,23,0,23,16,332,332,332,0,0
signal_001629,166,14,12,2,0,14,12,166,166,166,0,0
signal_001630,300,13,13,0,0,13,12,300,300,300,0,0
signal_001631,212,8,8,0,0,8,8,212,212,212,0,0
signal_001635,226,40,40,0,0,40,31,226,226,225,0,0
signal_001637,310,42,42,0,0,42,26,310,310,310,0,0
signal_001646,184,13,13,0,0,13,10,184,184,184,0,0
signal_001658,180,36,36,0,0,36,30,180,180,180,0,0
signal_001661,294,32,32,0,0,32,23,294,196,196,0,0
signal_001662,210,6,0,6,0,6,6,210,210,207,0,0
signal_001689,114,1,1,0,0,1,1,114,114,114,0,0
signal_001700,204,12,12,0,0,12,9,204,182,182,0,0
signal_001712,286,20,20,0,0,20,12,286,286,286,0,0
signal_001726,150,43,43,0,0,43,21,150,150,150,0,0
signal_001728,216,21,0,21,0,21,17,216,216,216,0,0
signal_001729,28,6,6,0,0,6,5,28,28,28,0,0
signal_001766,76,1,1,0,0,1,1,76,0,0,0,0
signal_001775,358,19,0,19,0,19,15,358,358,358,0,0
signal_001779,46,10,0,10,0,10,9,46,46,44,0,0
signal_001780,88,1,0,1,0,1,1,88,78,88,0,0
signal_001781,102,14,0,14,0,14,10,102,102,102,0,0
signal_001782,24,4,0,4,0,4,4,24,24,22,0,0
signal_001784,74,3,0,3,0,3,3,74,68,74,0,0
signal_001785,224,2,0,2,0,2,2,224,224,224,0,0
signal_001786,296,5,0,5,0,5,5,296,286,248,0,0
signal_001787,166,8,0,8,0,8,8,166,156,166,0,0
signal_001795,110,1,0,1,0,1,1,110,98,106,0,0
signal_001797,16,1,0,1,0,1,1,16,16,16,0,0
signal_001799,98,1,0,1,0,1,1,98,98,98,0,0
signal_001801,102,11,11,0,0,11,8,102,2,100,0,0
signal_001807,259,2,2,0,0,2,2,259,0,0,0,0
signal_001810,49,8,8,0,0,8,7,49,0,49,0,0
signal_001814,346,47,3,44,0,47,35,346,346,340,0,0
signal_001816,29,7,0,7,0,7,5,29,29,29,0,0
signal_001817,202,11,11,0,0,11,9,202,0,0,0,0
signal_001830,98,1,0,1,0,1,1,98,98,98,0,0
signal_001833,98,1,0,1,0,1,1,98,98,98,0,0
signal_001834,136,1,0,1,0,1,1,136,136,136,0,0
signal_001835,154,14,0,14,0,14,9,154,154,146,0,0
signal_001836,110,5,0,5,0,5,5,110,110,110,0,0
signal_001840,304,22,0,22,0,22,17,304,304,302,0,0
signal_001841,216,15,1,14,0,15,14,216,216,216,0,0
signal_001845,248,2,0,2,0,2,2,248,248,248,0,0
signal_001849,72,0,0,0,0,0,0,72,72,42,0,0
signal_001851,100,5,0,5,0,5,4,100,100,100,0,0
signal_001852,222,8,0,8,0,8,7,222,222,213,0,0
signal_001855,98,2,0,2,0,2,1,98,49,98,0,0
signal_001856,28,1,0,1,0,1,1,28,28,28,0,0
signal_001860,98,4,0,4,0,4,4,98,98,98,0,0
signal_001861,98,1,0,1,0,1,1,98,98,98,0,0
signal_001867,174,2,0,2,0,2,2,174,174,174,0,0
signal_001868,152,3,0,3,0,3,2,152,148,152,0,0
signal_001870,206,11,11,0,0,11,9,206,196,206,0,0
signal_001872,324,35,10,25,0,35,23,324,324,324,0,0
signal_001873,14,0,0,0,0,0,0,14,0,14,0,0
signal_001874,192,14,14,0,0,14,13,192,192,192,0,0
signal_001876,180,8,8,0,0,8,8,180,180,180,0,0
signal_001879,392,12,7,5,0,12,12,392,392,392,0,0
signal_001881,182,31,27,4,0,31,20,182,182,182,0,0
signal_001902,86,10,10,0,0,10,9,86,86,86,0,0
signal_001914,120,11,11,0,0,11,7,120,110,115,0,0
signal_001916,14,1,1,0,0,1,1,14,14,12,0,0
signal_001920,68,10,10,0,0,10,9,68,68,68,0,0
signal_001927,34,13,5,8,0,13,9,34,34,34,0,0
signal_001932,52,11,11,0,0,11,8,52,52,52,0,0
signal_001939,132,66,66,0,0,66,33,132,132,132,0,0
signal_001940,102,60,60,0,0,60,32,102,102,102,0,0
signal_001958,270,58,58,0,0,58,20,270,270,268,0,0
signal_001960,134,42,42,0,0,42,33,134,134,130,0,0
signal_001961,91,53,53,0,0,53,31,91,91,90,0,0
signal_001963,166,20,20,0,0,20,15,166,166,164,0,0
signal_001966,236,20,20,0,0,20,14,236,236,236,0,0
signal_001985,148,12,1,11,0,12,9,148,148,146,0,0
signal_001986,182,7,1,6,0,7,6,182,182,180,0,0
signal_001987,222,13,0,13,0,13,11,222,222,222,0,0
signal_001995,86,8,8,0,0,8,4,86,86,86,0,0
signal_001997,116,60,60,0,0,60,28,116,116,116,0,0
signal_001998,68,8,8,0,0,8,5,68,68,66,0,0
signal_001999,38,13,13,0,0,13,6,38,38,38,0,0
signal_002000,98,4,4,0,0,4,4,98,98,98,0,0
signal_002002,8,9,9,0,0,9,4,8,8,8,0,0
signal_002011,98,4,4,0,0,4,3,98,98,73,0,0
signal_002015,46,32,32,0,0,32,19,46,46,46,0,0
signal_002019,129,15,11,4,0,15,15,129,129,126,0,0
signal_002021,11,5,5,0,0,5,3,11,11,11,0,0
signal_002024,188,4,4,0,0,4,3,188,188,188,0,0
signal_002029,30,1,1,0,0,1,1,30,0,0,0,0
signal_002039,96,8,8,0,0,8,8,96,96,96,0,0
signal_002041,98,1,1,0,0,1,1,98,98,98,0,0
signal_002045,74,2,0,2,0,2,2,74,28,24,0,0
signal_002047,82,2,0,2,0,2,2,82,0,56,0,0
signal_002048,160,5,0,5,0,5,4,160,56,54,0,0
signal_002069,16,0,0,0,0,0,0,16,0,16,0,0
signal_002084,130,17,17,0,0,17,13,130,130,130,0,0
signal_002092,165,9,9,0,0,9,8,165,165,165,0,0
signal_002125,194,6,6,0,0,6,5,194,194,194,0,0
signal_002136,10,1,1,0,0,1,1,10,10,10,0,0
signal_002153,294,5,3,2,0,5,5,294,294,294,0,0
signal_002157,180,14,11,3,0,14,11,180,180,180,0,0
signal_002161,56,15,15,0,0,15,9,56,56,56,0,0
signal_002164,56,8,0,8,0,8,7,56,56,56,0,0
signal_002167,39,26,26,0,0,26,13,39,39,39,0,0
signal_002171,242,54,54,0,0,54,31,242,242,242,0,0
signal_002172,226,22,22,0,0,22,16,226,226,226,0,0
signal_002175,74,4,4,0,0,4,4,74,74,74,0,0
signal_002183,356,26,26,0,0,26,23,356,356,356,0,0
signal_002188,116,6,6,0,0,6,6,116,116,116,0,0
signal_002189,56,74,74,0,0,74,32,56,56,56,0,0
signal_002194,29,23,23,0,0,23,13,29,29,29,0,0
signal_002196,102,12,12,0,0,12,11,102,102,102,0,0
signal_002201,102,7,7,0,0,7,5,102,96,102,0,0
signal_002212,33,3,3,0,0,3,3,33,33,33,0,0
signal_002214,27,0,0,0,0,0,0,27,27,27,0,0
signal_002225,98,2,2,0,0,2,1,98,98,98,0,0
signal_002227,98,1,0,1,0,1,1,98,98,98,0,0
signal_002236,32,1,1,0,0,1,1,32,32,32,0,0
signal_002238,44,5,5,0,0,5,4,44,44,44,0,0
signal_002241,30,2,2,0,0,2,2,30,0,0,0,0
signal_002245,214,17,5,12,0,17,15,214,214,212,0,0
signal_002248,254,17,0,17,0,17,9,254,104,254,0,0
signal_002249,74,2,0,2,0,2,2,74,40,74,0,0
signal_002263,82,19,19,0,0,19,14,82,72,76,0,0
signal_002264,212,23,23,0,0,23,21,212,212,202,0,0
signal_002265,96,7,0,7,0,7,4,96,96,96,0,0
signal_002266,74,6,6,0,0,6,5,74,46,68,0,0
signal_002268,90,7,7,0,0,7,5,90,72,90,0,0
signal_002270,214,10,0,10,0,10,9,214,214,213,0,0
signal_002272,108,38,38,0,0,38,21,108,92,108,0,0
signal_002273,64,32,32,0,0,32,13,64,44,64,0,0
signal_002277,16,1,0,1,0,1,1,16,16,16,0,0
signal_002280,140,17,17,0,0,17,12,140,140,140,0,0
signal_002281,242,33,33,0,0,33,24,242,242,242,0,0
signal_002282,90,11,11,0,0,11,11,90,12,90,0,0
signal_002285,98,4,2,2,0,4,4,98,98,98,0,0
signal_002286,152,7,0,7,0,7,7,152,152,140,0,0
signal_002287,219,2,0,2,0,2,2,219,219,219,0,0
signal_002290,98,6,6,0,0,6,4,98,98,98,0,0
signal_002293,156,42,42,0,0,42,28,156,146,156,0,0
signal_002295,60,107,107,0,0,107,44,60,60,60,0,0
signal_002297,138,6,6,0,0,6,2,138,40,138,0,0
signal_002301,76,9,3,6,0,9,7,76,76,76,0,0
signal_002302,230,66,66,0,0,66,43,230,230,220,0,0
signal_002303,122,24,24,0,0,24,14,122,108,122,0,0
signal_002312,146,28,28,0,0,28,15,146,146,146,0,0
signal_002316,74,4,4,0,0,4,4,74,56,56,0,0
signal_002325,26,2,2,0,0,2,2,26,26,26,0,0
signal_002327,72,203,203,0,0,203,57,72,72,72,0,0
signal_002333,150,5,0,5,0,5,5,150,132,150,0,0
signal_002335,282,15,15,0,0,15,12,282,282,282,0,0
signal_002336,114,7,7,0,0,7,6,114,114,114,0,0
signal_002339,170,20,20,0,0,20,18,170,170,170,0,0
signal_002340,138,36,36,0,0,36,21,138,130,128,0,0
signal_002344,294,30,19,11,0,30,19,294,294,294,0,0
signal_002345,168,2,2,0,0,2,2,168,168,82,0,0
signal_002349,60,2,2,0,0,2,2,60,60,60,0,0
signal_002350,56,12,0,12,0,12,9,56,56,56,0,0
signal_002351,392,24,0,24,0,24,23,392,392,392,0,0
signal_002352,156,17,13,4,0,17,11,156,156,156,0,0
signal_002359,124,28,28,0,0,28,18,124,124,124,0,0
signal_002360,146,22,22,0,0,22,17,146,146,146,0,0
signal_002365,232,11,11,0,0,11,8,232,232,232,0,0
signal_002375,38,5,5,0,0,5,4,38,38,38,0,0
signal_002377,120,10,10,0,0,10,9,120,120,120,0,0
signal_002380,378,58,58,0,0,58,47,378,378,376,0,0
signal_002381,40,10,10,0,0,10,4,40,8,32,0,0
signal_002383,152,7,0,7,0,7,7,152,72,150,0,0
signal_002387,196,10,10,0,0,10,10,196,196,196,0,0
signal_002401,52,0,0,0,0,0,0,52,52,52,0,0
signal_002402,72,4,2,2,0,4,3,72,72,72,0,0
signal_002405,170,20,3,17,0,20,15,170,170,168,0,0
signal_002406,118,14,0,14,0,14,12,118,118,118,0,0
signal_002409,120,1,1,0,0,1,1,120,64,120,0,0
signal_002411,38,21,21,0,0,21,10,38,24,30,0,0
signal_002419,254,9,9,0,0,9,9,254,254,245,0,0
signal_002420,206,7,7,0,0,7,7,206,184,130,0,0
signal_002422,240,12,12,0,0,12,11,240,196,240,0,0
signal_002427,54,8,8,0,0,8,6,54,16,50,0,0
signal_002433,162,2,2,0,0,2,2,162,162,162,0,0
signal_002434,42,23,23,0,0,23,18,42,42,42,0,0
signal_002435,170,12,12,0,0,12,10,170,170,166,0,0
signal_002436,186,6,0,6,0,6,6,186,186,186,0,0
signal_002442,148,7,6,1,0,7,7,148,86,144,0,0
signal_002445,34,0,0,0,0,0,0,34,34,31,0,0
signal_002448,23,7,7,0,0,7,5,23,23,23,0,0
signal_002449,34,0,0,0,0,0,0,34,34,31,0,0
signal_002450,17,2,0,2,0,2,2,17,17,17,0,0
signal_002453,294,7,0,7,0,7,7,294,294,290,0,0
signal_002456,90,0,0,0,0,0,0,90,90,90,0,0
signal_002458,52,3,3,0,0,3,2,52,52,52,0,0
signal_002460,28,5,5,0,0,5,3,28,28,28,0,0
signal_002462,190,33,33,0,0,33,21,190,190,124,0,0
signal_002463,10,0,0,0,0,0,0,10,0,0,0,0
signal_002464,80,38,38,0,0,38,18,80,80,38,0,0
signal_002466,152,19,16,3,0,19,13,152,148,122,0,0
signal_002472,100,3,3,0,0,3,3,100,100,100,0,0
signal_002473,84,1,1,0,0,1,1,84,84,84,0,0
signal_002479,308,26,26,0,0,26,20,308,308,307,0,0
signal_002483,102,3,0,3,0,3,3,102,102,102,0,0
signal_002485,226,31,31,0,0,31,24,226,226,225,0,0
signal_002487,92,16,16,0,0,16,8,92,92,92,0,0
signal_002488,136,7,7,0,0,7,7,136,136,136,0,0
signal_002494,228,17,0,17,0,17,8,228,228,196,0,0
signal_002499,97,41,39,2,0,41,26,97,97,97,0,0
signal_002504,82,22,22,0,0,22,15,82,82,79,0,0
signal_002505,110,0,0,0,0,0,0,110,110,108,0,0
signal_002506,124,17,13,4,0,17,15,124,124,124,0,0
signal_002507,136,11,11,0,0,11,10,136,38,136,0,0
signal_002511,246,10,0,10,0,10,9,246,246,244,0,0
signal_002513,172,7,7,0,0,7,7,172,172,170,0,0
signal_002523,86,10,9,1,0,10,6,86,86,86,0,0
signal_002525,238,4,4,0,0,4,4,238,238,237,0,0
signal_002526,142,5,0,5,0,5,4,142,128,142,0,0
signal_002530,10,4,4,0,0,4,4,10,10,10,0,0
signal_002532,98,3,3,0,0,3,3,98,98,98,0,0
signal_002544,40,6,6,0,0,6,3,40,40,40,0,0
signal_002545,180,24,24,0,0,24,18,180,180,177,0,0
signal_002547,72,3,0,3,0,3,3,72,72,72,0,0
signal_002549,176,10,10,0,0,10,8,176,176,174,0,0
signal_002550,72,1,0,1,0,1,1,72,0,72,0,0
signal_002551,230,31,29,2,0,31,23,230,230,224,0,0
signal_002566,116,23,23,0,0,23,12,116,106,116,0,0
signal_002569,86,8,8,0,0,8,8,86,86,86,0,0
signal_002570,268,28,28,0,0,28,24,268,268,268,0,0
signal_002580,204,7,7,0,0,7,5,204,204,158,0,0
signal_002590,120,56,56,0,0,56,30,120,120,120,0,0
signal_002591,224,10,7,3,0,10,8,224,224,224,0,0
signal_002595,97,57,57,0,0,57,29,97,97,97,0,0
signal_002597,6,0,0,0,0,0,0,6,0,6,0,0
signal_002603,68,2,2,0,0,2,2,68,68,64,0,0
signal_002604,336,12,0,12,0,12,12,336,336,334,0,0
signal_002607,216,11,11,0,0,11,8,216,216,216,0,0
signal_002608,6,0,0,0,0,0,0,6,6,6,0,0
signal_002609,98,1,1,0,0,1,1,98,98,98,0,0
signal_002618,86,63,63,0,0,63,34,86,86,84,0,0
signal_002619,196,13,9,4,0,13,9,196,98,196,0,0
signal_002621,136,43,43,0,0,43,21,136,48,136,0,0
signal_002625,81,28,28,0,0,28,18,81,81,80,0,0
signal_002628,74,6,0,6,0,6,6,74,74,74,0,0
signal_002631,248,7,7,0,0,7,7,248,248,248,0,0
signal_002639,150,18,18,0,0,18,15,150,0,146,0,0
signal_002640,44,0,0,0,0,0,0,44,44,44,0,0
signal_002659,124,4,0,4,0,4,3,124,124,122,0,0
signal_002663,238,51,51,0,0,51,36,238,102,238,0,0
signal_002664,99,12,12,0,0,12,7,99,99,99,0,0
signal_002671,254,8,0,8,0,8,8,254,254,252,0,0
signal_002677,106,5,5,0,0,5,5,106,106,104,0,0
signal_002681,92,15,15,0,0,15,11,92,92,60,0,0
signal_002684,240,7,0,7,0,7,6,240,240,237,0,0
signal_002693,32,0,0,0,0,0,0,32,32,31,0,0
signal_002694,52,14,14,0,0,14,8,52,52,44,0,0
signal_002696,138,43,43,0,0,43,23,138,0,136,0,0
signal_002697,182,1,0,1,0,1,1,182,182,182,0,0
signal_002701,52,0,0,0,0,0,0,52,52,52,0,0
signal_002702,154,4,0,4,0,4,3,154,154,154,0,0
signal_002704,98,8,8,0,0,8,4,98,98,98,0,0
signal_002708,30,2,0,2,0,2,2,30,30,30,0,0
signal_002711,32,3,3,0,0,3,2,32,32,32,0,0
signal_002713,54,2,0,2,0,2,2,54,54,54,0,0
signal_002716,270,5,5,0,0,5,2,270,184,268,0,0
signal_002737,34,3,3,0,0,3,2,34,0,34,0,0
signal_002746,196,2,2,0,0,2,2,196,196,196,0,0
signal_002751,136,8,8,0,0,8,7,136,136,136,0,0
signal_002756,304,39,39,0,0,39,15,304,304,196,0,0
signal_002757,40,3,3,0,0,3,3,40,40,40,0,0
signal_002771,24,4,4,0,0,4,2,24,24,24,0,0
signal_002786,68,7,7,0,0,7,7,68,60,68,0,0
signal_002795,76,4,4,0,0,4,3,76,40,76,0,0
signal_002797,26,4,4,0,0,4,4,26,26,22,0,0
signal_002799,56,0,0,0,0,0,0,56,56,56,0,0
signal_002815,218,30,30,0,0,30,22,218,218,216,0,0
signal_002822,200,15,15,0,0,15,14,200,200,200,0,0
signal_002825,94,11,11,0,0,11,9,94,94,94,0,0
signal_002833,206,62,62,0,0,62,41,206,206,206,0,0
signal_002841,108,36,36,0,0,36,22,108,108,102,0,0
signal_002842,124,9,9,0,0,9,6,124,124,124,0,0
signal_002847,194,64,64,0,0,64,32,194,194,194,0,0
signal_002857,176,29,29,0,0,29,19,176,176,176,0,0
signal_002859,62,3,3,0,0,3,3,62,62,62,0,0
signal_002870,6,0,0,0,0,0,0,6,0,0,0,0
signal_002887,104,6,0,6,0,6,6,104,104,104,0,0
signal_002888,60,5,5,0,0,5,4,60,60,50,0,0
signal_002900,70,28,28,0,0,28,17,70,70,66,0,0
signal_002907,208,6,6,0,0,6,5,208,0,206,0,0
signal_002918,240,13,13,0,0,13,12,240,178,240,0,0
signal_002923,60,10,0,10,0,10,6,60,60,60,0,0
signal_002927,10,0,0,0,0,0,0,10,0,8,0,0
signal_002928,166,12,12,0,0,12,12,166,166,166,0,0
signal_002941,26,1,1,0,0,1,1,26,0,26,0,0
signal_002944,196,2,2,0,0,2,2,196,196,196,0,0
signal_002947,160,4,0,4,0,4,4,160,160,152,0,0
signal_002949,48,10,10,0,0,10,10,48,48,48,0,0
signal_002951,92,1,1,0,0,1,1,92,82,92,0,0
signal_002952,272,12,6,6,0,12,11,272,272,272,0,0
signal_002954,58,0,0,0,0,0,0,58,58,56,0,0
signal_002960,2,0,0,0,0,0,0,2,2,2,0,0
signal_002964,2,6,6,0,0,6,2,2,2,0,0,0
signal_002970,98,0,0,0,0,0,0,98,49,98,0,0
signal_002972,196,2,0,2,0,2,2,196,196,196,0,0
signal_002974,16,8,8,0,0,8,7,16,16,16,0,0
signal_002975,176,34,34,0,0,34,30,176,176,176,0,0
signal_002980,26,26,26,0,0,26,12,26,26,26,0,0
signal_002988,28,12,12,0,0,12,7,28,28,27,0,0
signal_002989,222,11,4,7,0,11,11,222,222,222,0,0
signal_002991,32,0,0,0,0,0,0,32,12,32,0,0
signal_002993,31,12,12,0,0,12,8,31,16,31,0,0
signal_002999,106,0,0,0,0,0,0,106,32,32,0,0
signal_003010,38,9,9,0,0,9,9,38,38,38,0,0
signal_003014,6,1,1,0,0,1,1,6,6,6,0,0
signal_003021,100,4,4,0,0,4,4,100,100,100,0,0
signal_003022,62,0,0,0,0,0,0,62,62,62,0,0
signal_003036,28,3,3,0,0,3,2,28,28,28,0,0
signal_003045,226,44,44,0,0,44,31,226,226,216,0,0
signal_003063,34,3,0,3,0,3,2,34,34,34,0,0
signal_003067,48,2,2,0,0,2,2,48,0,0,0,0
signal_003068,196,19,17,2,0,19,17,196,196,196,0,0
signal_003072,100,3,3,0,0,3,2,100,100,100,0,0
signal_003073,57,29,29,0,0,29,19,57,57,54,0,0
signal_003082,126,10,10,0,0,10,9,126,126,86,0,0
signal_003083,25,6,6,0,0,6,6,25,25,25,0,0
signal_003089,194,6,0,6,0,6,5,194,145,192,0,0
signal_003096,294,9,9,0,0,9,7,294,294,294,0,0
signal_003101,220,7,7,0,0,7,7,220,220,217,0,0
signal_003102,188,2,2,0,0,2,2,188,188,188,0,0
signal_003110,97,1,1,0,0,1,1,97,97,97,0,0
signal_003112,22,2,2,0,0,2,2,22,22,22,0,0
signal_003114,186,10,10,0,0,10,9,186,186,186,0,0
signal_003116,22,1,1,0,0,1,1,22,22,22,0,0
signal_003120,196,8,4,4,0,8,7,196,196,192,0,0
signal_003121,294,10,0,10,0,10,10,294,294,294,0,0
signal_003127,196,28,28,0,0,28,22,196,196,196,0,0
signal_003128,128,26,26,0,0,26,20,128,128,128,0,0
signal_003130,134,6,0,6,0,6,6,134,134,134,0,0
signal_003131,196,5,4,1,0,5,3,196,196,196,0,0
signal_003133,60,0,0,0,0,0,0,60,60,60,0,0
signal_003135,50,9,9,0,0,9,4,50,50,50,0,0
signal_003136,108,74,74,0,0,74,30,108,108,107,0,0
signal_003137,46,1,0,1,0,1,1,46,46,46,0,0
signal_003139,98,0,0,0,0,0,0,98,0,98,0,0
signal_003140,34,2,2,0,0,2,1,34,34,34,0,0
signal_003147,13,2,2,0,0,2,1,13,13,12,0,0
signal_003149,52,0,0,0,0,0,0,52,52,52,0,0
signal_003155,330,11,11,0,0,11,10,330,0,330,0,0
signal_003157,110,6,6,0,0,6,6,110,0,90,0,0
signal_003158,238,48,48,0,0,48,38,238,0,216,0,0
signal_003159,116,14,14,0,0,14,12,116,0,116,0,0
signal_003168,70,2,2,0,0,2,2,70,0,70,0,0
signal_003178,54,25,25,0,0,25,18,54,0,52,0,0
signal_003186,110,28,28,0,0,28,20,110,0,108,0,0
signal_003194,148,19,19,0,0,19,16,148,0,136,0,0
signal_003196,152,37,37,0,0,37,15,152,0,152,0,0
signal_003198,164,29,29,0,0,29,17,164,0,164,0,0
signal_003199,120,18,18,0,0,18,14,120,0,118,0,0
signal_003200,130,44,44,0,0,44,20,130,0,124,0,0
signal_003201,112,38,38,0,0,38,17,112,0,104,0,0
signal_003202,66,1,1,0,0,1,1,66,0,66,0,0
signal_003204,108,46,46,0,0,46,10,108,0,102,0,0
signal_003205,58,21,21,0,0,21,10,58,0,44,0,0
signal_003206,80,18,18,0,0,18,10,80,0,70,0,0
signal_003212,18,0,0,0,0,0,0,18,0,18,0,0
signal_003217,48,1,1,0,0,1,1,48,0,48,0,0
signal_003218,102,12,12,0,0,12,11,102,0,102,0,0
signal_003226,78,0,0,0,0,0,0,78,0,76,0,0
signal_003227,49,12,12,0,0,12,9,49,0,46,0,0
signal_003228,23,3,3,0,0,3,2,23,0,20,0,0
signal_003229,68,6,6,0,0,6,5,68,0,68,0,0
signal_003232,28,0,0,0,0,0,0,28,0,18,0,0
signal_003233,34,0,0,0,0,0,0,34,0,29,0,0
signal_003236,52,4,4,0,0,4,2,52,0,52,0,0
signal_003242,138,28,28,0,0,28,12,138,0,138,0,0
signal_003243,10,1,1,0,0,1,1,10,0,10,0,0
signal_003245,114,6,6,0,0,6,4,114,0,114,0,0
signal_003251,206,18,18,0,0,18,14,206,0,198,0,0
signal_003254,74,5,5,0,0,5,4,74,0,74,0,0
signal_003258,30,3,3,0,0,3,2,30,0,30,0,0
signal_003262,136,12,12,0,0,12,8,136,0,134,0,0
signal_003264,10,3,3,0,0,3,1,10,0,4,0,0
signal_003265,156,11,11,0,0,11,8,156,0,146,0,0
signal_003267,26,17,17,0,0,17,2,26,0,22,0,0
signal_003268,46,9,9,0,0,9,5,46,0,46,0,0
signal_003270,174,11,11,0,0,11,9,174,0,166,0,0
signal_003282,64,50,50,0,0,50,29,64,0,59,0,0
signal_003284,18,4,4,0,0,4,4,18,0,12,0,0
signal_003285,20,0,0,0,0,0,0,20,0,20,0,0
signal_003290,24,1,1,0,0,1,1,24,0,24,0,0
signal_003293,152,33,33,0,0,33,26,152,0,142,0,0
signal_003300,126,2,2,0,0,2,2,126,0,106,0,0
signal_003301,154,14,14,0,0,14,12,154,0,136,0,0
signal_003305,24,1,1,0,0,1,1,24,0,15,0,0
signal_003310,118,23,23,0,0,23,14,118,0,118,0,0
signal_003323,10,0,0,0,0,0,0,10,0,8,0,0
signal_003326,108,8,8,0,0,8,6,108,0,62,0,0
signal_003327,52,12,12,0,0,12,5,52,0,50,0,0
signal_003330,210,20,20,0,0,20,13,210,0,210,0,0
signal_003331,30,2,2,0,0,2,2,30,0,30,0,0
signal_003333,20,1,1,0,0,1,1,20,0,19,0,0
signal_003334,68,0,0,0,0,0,0,68,0,50,0,0
signal_003335,58,0,0,0,0,0,0,58,0,25,0,0
signal_003337,232,42,42,0,0,42,26,232,0,184,0,0
signal_003343,210,9,9,0,0,9,7,210,0,208,0,0
signal_003345,62,3,3,0,0,3,3,62,0,62,0,0
signal_003347,56,1,1,0,0,1,1,56,0,46,0,0
signal_003348,128,4,4,0,0,4,2,128,0,124,0,0
signal_003351,8,0,0,0,0,0,0,8,0,8,0,0
signal_003352,32,0,0,0,0,0,0,32,0,30,0,0
signal_003355,132,11,11,0,0,11,10,132,0,126,0,0
signal_003356,10,10,10,0,0,10,6,10,0,9,0,0
signal_003357,46,3,3,0,0,3,3,46,0,38,0,0
signal_003358,204,20,20,0,0,20,15,204,0,204,0,0
signal_003359,44,33,33,0,0,33,19,44,0,44,0,0
signal_003361,21,21,21,0,0,21,10,21,0,21,0,0
signal_003365,24,0,0,0,0,0,0,24,0,16,0,0
signal_003366,38,0,0,0,0,0,0,38,0,38,0,0
signal_003367,62,0,0,0,0,0,0,62,0,54,0,0
signal_003368,44,1,1,0,0,1,1,44,0,22,0,0
signal_003369,38,4,4,0,0,4,3,38,0,38,0,0
signal_003370,78,6,6,0,0,6,2,78,0,44,0,0
signal_003383,60,3,3,0,0,3,3,60,0,60,0,0
signal_003384,22,34,34,0,0,34,11,22,0,22,0,0
signal_003389,88,9,9,0,0,9,9,88,0,52,0,0
signal_003391,29,11,11,0,0,11,8,29,0,29,0,0
signal_003400,28,6,6,0,0,6,5,28,0,27,0,0
signal_003402,22,0,0,0,0,0,0,22,0,12,0,0
signal_003403,44,19,19,0,0,19,10,44,0,23,0,0
signal_003404,20,0,0,0,0,0,0,20,0,18,0,0
signal_003405,17,33,33,0,0,33,11,17,0,9,0,0
signal_003406,52,12,12,0,0,12,3,52,0,48,0,0
signal_003407,268,33,33,0,0,33,23,268,0,266,0,0
signal_003408,18,0,0,0,0,0,0,18,0,18,0,0
signal_003410,66,6,6,0,0,6,5,66,0,66,0,0
signal_003412,48,0,0,0,0,0,0,48,0,30,0,0
signal_003413,54,0,0,0,0,0,0,54,0,49,0,0
signal_003414,74,11,11,0,0,11,8,74,0,74,0,0
signal_003417,62,0,0,0,0,0,0,62,0,62,0,0
signal_003418,112,10,10,0,0,10,8,112,0,112,0,0
signal_003419,40,38,38,0,0,38,17,40,0,35,0,0
signal_003420,19,2,2,0,0,2,2,19,0,19,0,0
signal_003421,32,0,0,0,0,0,0,32,0,32,0,0
signal_003422,10,1,1,0,0,1,1,10,0,10,0,0
signal_003425,172,17,17,0,0,17,10,172,0,172,0,0
signal_003426,64,7,7,0,0,7,6,64,0,64,0,0
signal_003428,40,0,0,0,0,0,0,40,0,38,0,0
signal_003429,44,16,16,0,0,16,11,44,0,23,0,0
signal_003433,12,6,6,0,0,6,4,12,0,12,0,0
signal_003435,106,1,1,0,0,1,1,106,0,104,0,0
signal_003444,86,1,1,0,0,1,1,86,0,86,0,0
signal_003448,100,7,7,0,0,7,5,100,0,0,0,0
signal_003450,62,1,1,0,0,1,1,62,0,40,0,0
signal_003456,53,16,16,0,0,16,11,53,0,53,0,0
signal_003459,21,6,6,0,0,6,6,21,0,19,0,0
signal_003461,112,9,9,0,0,9,7,112,0,112,0,0
signal_003463,132,9,9,0,0,9,5,132,0,132,0,0
signal_003470,40,0,0,0,0,0,0,40,0,38,0,0
signal_003473,14,0,0,0,0,0,0,14,0,13,0,0
signal_003476,14,0,0,0,0,0,0,14,0,7,0,0
signal_003477,7,0,0,0,0,0,0,7,0,5,0,0
signal_003478,108,4,4,0,0,4,4,108,0,108,0,0
signal_003479,90,15,15,0,0,15,12,90,0,90,0,0
signal_003480,50,35,35,0,0,35,19,50,0,9,0,0
signal_003481,36,0,0,0,0,0,0,36,0,36,0,0
signal_003483,60,1,1,0,0,1,1,60,0,48,0,0
signal_003486,32,7,7,0,0,7,3,32,0,29,0,0
signal_003487,124,0,0,0,0,0,0,124,0,124,0,0
signal_003501,66,14,14,0,0,14,8,66,0,19,0,0
signal_003502,118,31,31,0,0,31,21,118,0,82,0,0
signal_003506,66,0,0,0,0,0,0,66,0,36,0,0
signal_003510,54,18,18,0,0,18,11,54,0,32,0,0
signal_003511,25,3,3,0,0,3,3,25,0,9,0,0
signal_003516,50,8,8,0,0,8,4,50,0,50,0,0
signal_003522,66,12,12,0,0,12,6,66,0,19,0,0
signal_003523,99,6,6,0,0,6,5,99,0,40,0,0
signal_003524,66,7,7,0,0,7,3,66,0,17,0,0
signal_003525,34,0,0,0,0,0,0,34,0,31,0,0
signal_003529,46,13,13,0,0,13,8,46,0,44,0,0
signal_003534,12,0,0,0,0,0,0,12,0,10,0,0
signal_003535,8,0,0,0,0,0,0,8,0,7,0,0
signal_003536,8,0,0,0,0,0,0,8,0,8,0,0
signal_003537,20,5,5,0,0,5,5,20,0,0,0,0
signal_003539,72,0,0,0,0,0,0,72,0,72,0,0
signal_003540,43,0,0,0,0,0,0,43,0,41,0,0
signal_003547,25,0,0,0,0,0,0,25,0,22,0,0
signal_003553,38,2,2,0,0,2,1,38,0,34,0,0
signal_003554,68,0,0,0,0,0,0,68,0,56,0,0
signal_003559,36,6,6,0,0,6,2,36,0,36,0,0
signal_003569,15,2,2,0,0,2,1,15,0,9,0,0
signal_003571,68,4,4,0,0,4,2,68,0,68,0,0
signal_003572,56,4,4,0,0,4,4,56,0,56,0,0
signal_003574,46,5,5,0,0,5,5,46,0,45,0,0
signal_003577,56,9,9,0,0,9,5,56,0,52,0,0
signal_003578,22,1,1,0,0,1,1,22,0,17,0,0
signal_003579,30,0,0,0,0,0,0,30,0,26,0,0
signal_003581,87,14,14,0,0,14,11,87,0,86,0,0
signal_003582,16,1,1,0,0,1,1,16,0,12,0,0
signal_003583,16,0,0,0,0,0,0,16,0,10,0,0
signal_003584,50,0,0,0,0,0,0,50,0,35,0,0
signal_003588,36,12,12,0,0,12,7,36,0,3,0,0
signal_003591,14,4,4,0,0,4,3,14,0,14,0,0
signal_003593,75,18,18,0,0,18,13,75,0,48,0,0
signal_003594,58,0,0,0,0,0,0,58,0,24,0,0
signal_003595,38,5,5,0,0,5,4,38,0,38,0,0
signal_003598,20,5,5,0,0,5,5,20,0,8,0,0
signal_003599,22,0,0,0,0,0,0,22,0,22,0,0
signal_003602,12,0,0,0,0,0,0,12,0,12,0,0
signal_003603,28,2,2,0,0,2,1,28,0,28,0,0
signal_003609,38,1,1,0,0,1,1,38,0,38,0,0
signal_003614,20,1,1,0,0,1,1,20,0,20,0,0
signal_003615,78,4,4,0,0,4,3,78,0,78,0,0
signal_003616,92,0,0,0,0,0,0,92,0,90,0,0
signal_003618,5,1,1,0,0,1,1,5,0,0,0,0
signal_003621,32,1,1,0,0,1,1,32,32,28,0,0
signal_003637,24,0,0,0,0,0,0,24,0,22,0,0
signal_003640,34,5,5,0,0,5,4,34,0,33,0,0
signal_003645,52,7,7,0,0,7,4,52,0,48,0,0
signal_003646,25,0,0,0,0,0,0,25,0,20,0,0
signal_003647,46,2,2,0,0,2,2,46,0,46,0,0
signal_003662,104,1,1,0,0,1,1,104,0,104,0,0
signal_003663,34,0,0,0,0,0,0,34,0,31,0,0
signal_003670,34,0,0,0,0,0,0,34,0,30,0,0
signal_003672,22,0,0,0,0,0,0,22,0,22,0,0
signal_003679,17,7,7,0,0,7,6,17,0,17,0,0
signal_003683,26,1,1,0,0,1,1,26,0,26,0,0
signal_003688,38,1,1,0,0,1,1,38,0,38,0,0
signal_003693,202,15,15,0,0,15,14,202,0,192,0,0
signal_003704,58,1,1,0,0,1,1,58,0,37,0,0
signal_003708,106,16,16,0,0,16,9,106,0,98,0,0
signal_003709,42,2,2,0,0,2,2,42,0,32,0,0
signal_003710,38,30,30,0,0,30,10,38,0,31,0,0
signal_003713,58,14,14,0,0,14,10,58,0,58,0,0
signal_003714,100,2,2,0,0,2,1,100,0,67,0,0
signal_003728,4,0,0,0,0,0,0,4,0,0,0,0
signal_003733,20,1,1,0,0,1,1,20,0,0,0,0
signal_003737,34,0,0,0,0,0,0,34,0,32,0,0
signal_003741,76,2,2,0,0,2,2,76,0,74,0,0
signal_003743,92,3,3,0,0,3,3,92,0,91,0,0
signal_003745,220,66,66,0,0,66,45,220,0,217,0,0
signal_003757,28,0,0,0,0,0,0,28,0,28,0,0
signal_003760,50,9,9,0,0,9,6,50,0,50,0,0
signal_003769,14,4,4,0,0,4,3,14,0,14,0,0
signal_003771,116,16,16,0,0,16,11,116,0,114,0,0
signal_003773,120,12,12,0,0,12,9,120,0,120,0,0
signal_003780,228,38,38,0,0,38,26,228,0,224,0,0
signal_003782,20,7,7,0,0,7,4,20,0,18,0,0
signal_003785,168,13,13,0,0,13,10,168,0,168,0,0
signal_003786,46,26,26,0,0,26,12,46,0,46,0,0
signal_003787,252,56,56,0,0,56,38,252,0,252,0,0
signal_003793,146,20,20,0,0,20,13,146,0,144,0,0
signal_003795,210,60,60,0,0,60,35,210,0,210,0,0
signal_003798,256,27,27,0,0,27,19,256,0,256,0,0
signal_003801,48,36,36,0,0,36,18,48,0,44,0,0
signal_003802,13,18,18,0,0,18,6,13,0,13,0,0
signal_003803,40,35,35,0,0,35,11,40,0,38,0,0
signal_003806,74,8,8,0,0,8,7,74,0,74,0,0
signal_003808,100,37,37,0,0,37,19,100,62,48,0,0
signal_003816,129,84,84,0,0,84,36,129,0,127,0,0
signal_003820,168,149,149,0,0,149,69,168,0,168,0,0
signal_003823,85,15,15,0,0,15,9,85,0,84,0,0
signal_003825,174,100,100,0,0,100,61,174,0,169,0,0
signal_003828,154,52,52,0,0,52,22,154,0,154,0,0
signal_003831,30,21,21,0,0,21,7,30,0,30,0,0
signal_003832,54,61,61,0,0,61,17,54,0,54,0,0
signal_003833,156,44,44,0,0,44,24,156,0,156,0,0
signal_003835,56,82,82,0,0,82,29,56,0,42,0,0
signal_003848,39,20,20,0,0,20,10,39,0,39,0,0
signal_003849,108,9,9,0,0,9,9,108,0,108,0,0
signal_003853,300,92,92,0,0,92,57,300,0,300,0,0
signal_003856,180,21,21,0,0,21,14,180,0,180,0,0
signal_003861,78,23,23,0,0,23,16,78,40,70,0,0
signal_003862,14,0,0,0,0,0,0,14,0,12,0,0
signal_003864,74,33,33,0,0,33,16,74,0,74,0,0
signal_003867,30,8,8,0,0,8,7,30,0,28,0,0
signal_003869,130,53,53,0,0,53,29,130,0,124,0,0
signal_003872,180,24,24,0,0,24,18,180,0,180,0,0
signal_003873,84,8,8,0,0,8,5,84,0,82,0,0
signal_003875,30,6,6,0,0,6,3,30,0,10,0,0
signal_003876,199,13,13,0,0,13,12,199,0,196,0,0
signal_003883,116,5,5,0,0,5,5,116,0,116,0,0
signal_003886,16,2,2,0,0,2,2,16,0,16,0,0
signal_003891,108,3,3,0,0,3,2,108,0,108,0,0
signal_003894,53,82,82,0,0,82,23,53,0,52,0,0
signal_003895,28,0,0,0,0,0,0,28,0,25,0,0
signal_003899,32,0,0,0,0,0,0,32,0,32,0,0
signal_003903,80,21,21,0,0,21,11,80,0,80,0,0
signal_003904,102,4,4,0,0,4,4,102,0,102,0,0
signal_003905,60,4,4,0,0,4,4,60,0,58,0,0
signal_003917,22,11,11,0,0,11,9,22,0,22,0,0
signal_003918,46,18,18,0,0,18,6,46,0,45,0,0
signal_003928,26,3,3,0,0,3,3,26,0,26,0,0
