dataset,field_name,source_row_count,parquet_row_count,source_non_null_count,parquet_non_null_count,source_non_null_share,parquet_non_null_share,non_null_share_loss,source_unique_count,parquet_unique_count,null_loss_count,null_loss_ratio,unique_count_ratio,value_profile_status,source_top_values,parquet_top_values,focus_field,useful_candidate_field
roads,CHANGE_STA,141152,140654,141152,140654,1.0,1.0,0.0,1,1,498,0.003528,1.0,profiled,CL:141152,CL:140654,False,False
roads,CHANGE_S_1,141152,140654,141152,140654,1.0,1.0,0.0,23,12,498,0.003528,0.521739,profiled,2023-01-07:128509|2023-01-11:10940|2023-01-09:713|2022-01-19:245|2023-01-17:211,2023-01-07:128412|2023-01-11:10886|2023-01-09:713|2023-01-17:211|2023-01-13:135,False,False
roads,CURRENCY_D,141152,140654,141152,140654,1.0,1.0,0.0,2140,2138,498,0.003528,0.999065,profiled,2012-04-01:82850|2012-03-31:2370|2012-09-03:1352|2012-09-04:1047|2012-08-28:883,2012-04-01:82552|2012-03-31:2368|2012-09-03:1350|2012-09-04:1047|2012-08-28:882,False,False
roads,EVENT_COMP,141152,140654,141152,140654,1.0,1.0,0.0,12,12,498,0.003528,1.0,profiled,1:130639|2:8867|3:1416|4:134|5:50,1:130298|2:8717|3:1409|4:134|5:50,True,True
roads,EVENT_LOCA,141152,140654,141152,140654,1.0,1.0,0.0,24056,23995,498,0.003528,0.997464,profiled,1:110825|16970679:12|20093397:9|5925433:7|17684529:7,1:110446|16970679:12|20093397:9|5925433:7|17684529:7,True,True
roads,EVENT_SOUR,141152,140654,141152,140654,1.0,1.0,0.0,130599,130258,498,0.003528,0.997389,profiled,33875622:12|34450917:9|572073:9|21873056:7|34034836:7,33875622:12|34450917:9|572073:9|21873056:7|34034836:7,True,True
roads,EVENT_SO_1,141152,140654,141152,140654,1.0,1.0,0.0,1,1,498,0.003528,1.0,profiled,RIMTW:141152,RIMTW:140654,False,True
roads,EVENT_SO_2,141152,140654,141152,140654,1.0,1.0,0.0,1,1,498,0.003528,1.0,profiled,RIMS Travelway:141152,RIMS Travelway:140654,False,True
roads,FROM_MEASURE,141152,140654,138742,138740,0.982926,0.986392,0.0,10144,10144,2,1.4e-05,1.0,profiled,0.0:70808|0.05:774|0.06:770|0.08:736|0.09:712,0.0:70808|0.05:774|0.06:770|0.08:736|0.09:712,True,True
roads,LANE_REVER,141152,140654,141152,140654,1.0,1.0,0.0,4,4,498,0.003528,1.0,profiled,0:141139|2:7|1:5|3:1,0:140641|2:7|1:5|3:1,True,True
roads,LANE_THRU1,141152,140654,141152,140654,1.0,1.0,0.0,7,7,498,0.003528,1.0,profiled,1.0:100672|0.0:32640|2.0:6892|3.0:734|4.0:178,1.0:100464|0.0:32367|2.0:6877|3.0:733|4.0:177,True,True
roads,LANE_THRU_,141152,140654,141152,140654,1.0,1.0,0.0,8,8,498,0.003528,1.0,profiled,1.0:100896|0.0:32160|2.0:7100|3.0:766|4.0:182,1.0:100688|0.0:31890|2.0:7082|3.0:765|4.0:181,True,True
roads,LANE_THR_1,141152,140654,141152,140654,1.0,1.0,0.0,7,7,498,0.003528,1.0,profiled,1.0:116467|0.0:12009|2.0:11107|3.0:1274|4.0:250,1.0:116252|0.0:11749|2.0:11086|3.0:1273|4.0:249,False,True
roads,LANE_THR_2,141152,140654,141152,140654,1.0,1.0,0.0,7,7,498,0.003528,1.0,profiled,1.0:99054|0.0:35700|2.0:5742|3.0:538|4.0:97,1.0:99039|0.0:35217|2.0:5742|3.0:538|4.0:97,False,True
roads,LANE_THR_3,141152,140654,141152,140654,1.0,1.0,0.0,7,7,498,0.003528,1.0,profiled,1.0:98943|0.0:35898|2.0:5675|3.0:530|4.0:90,1.0:98928|0.0:35415|2.0:5675|3.0:530|4.0:90,False,True
roads,LANE_THR_4,141152,140654,141152,140654,1.0,1.0,0.0,7,7,498,0.003528,1.0,profiled,1.0:114209|0.0:16358|2.0:9420|3.0:973|4.0:162,1.0:114186|0.0:15883|2.0:9420|3.0:973|4.0:162,False,True
roads,LOCATION_1,141152,140654,141152,140654,1.0,1.0,0.0,2,2,498,0.003528,1.0,profiled,Valid:140989|Unmappable:163,Valid:140640|Unmappable:14,False,False
roads,LOCATION_C,141152,140654,141152,140654,1.0,1.0,0.0,2,2,498,0.003528,1.0,profiled,VLD:140989|UM:163,VLD:140640|UM:14,False,False
roads,LOCATION_V,141152,140654,141152,140654,1.0,1.0,0.0,1,1,498,0.003528,1.0,profiled,VIS:141152,VIS:140654,False,False
roads,LOC_COMP_1,141152,140654,140989,140640,0.998845,0.9999,0.0,4,4,349,0.002475,1.0,profiled,B:115465|P:13706|N:11648|U:170,B:115446|P:13487|N:11637|U:70,True,True
roads,LOC_COMP_D,141152,140654,140989,140640,0.998845,0.9999,0.0,4,4,349,0.002475,1.0,profiled,Bidirectional:115465|Master Prime:13706|Master Non-Prime:11648|Unknown:170,Bidirectional:115446|Master Prime:13487|Master Non-Prime:11637|Unknown:70,True,True
roads,LRM_CURREN,141152,140654,141152,140654,1.0,1.0,0.0,2080,2072,498,0.003528,0.996154,profiled,2021-12-10:6124|2015-10-17:2767|2022-10-18:2679|2015-10-18:2505|2021-12-11:2030,2021-12-10:6118|2015-10-17:2767|2022-10-18:2679|2015-10-18:2505|2021-12-11:2028,False,False
roads,MEDIAN_COV,141152,140654,141152,140654,1.0,1.0,0.0,29,29,498,0.003528,1.0,profiled,0.0:138046|1.0:2640|0.89999998:144|0.80000001:63|0.75:58,0.0:137551|1.0:2637|0.89999998:144|0.80000001:63|0.75:58,True,True
roads,MEDIAN_IND,141152,140654,0,0,0.0,0.0,0.0,0,0,0,0.0,,profiled,,,True,True
roads,MEDIAN_OPP,141152,140654,0,0,0.0,0.0,0.0,0,0,0,0.0,,profiled,,,True,True
roads,MEDIAN_WID,141152,140654,141152,140654,1.0,1.0,0.0,108,108,498,0.003528,1.0,profiled,0.0:125046|4.0:4942|3.0:907|16.0:777|8.0:710,0.0:124587|4.0:4929|3.0:905|16.0:772|8.0:709,True,True
roads,MEDIAN_W_1,141152,140654,141152,140654,1.0,1.0,0.0,181,181,498,0.003528,1.0,profiled,0.0:125050|16.0:2922|40.0:1093|4.0:912|14.0:908,0.0:124590|16.0:2914|40.0:1088|4.0:910|14.0:904,False,True
roads,PAVED_MDN1,141152,140654,141152,140654,1.0,1.0,0.0,15,15,498,0.003528,1.0,profiled,0.0:140537|3.0:172|6.0:102|1.0:97|2.0:84,0.0:140039|3.0:172|6.0:102|1.0:97|2.0:84,False,False
roads,PAVED_MDN_,141152,140654,141152,140654,1.0,1.0,0.0,11,11,498,0.003528,1.0,profiled,0.0:140808|1.0:84|2.0:70|3.0:59|6.0:57,0.0:140310|1.0:84|2.0:70|3.0:59|6.0:57,False,False
roads,PAVED_SHLD,141152,140654,141152,140654,1.0,1.0,0.0,23,23,498,0.003528,1.0,profiled,0.0:139384|4.0:481|2.0:287|8.0:262|6.0:250,0.0:138886|4.0:481|2.0:287|8.0:262|6.0:250,False,False
roads,PAVED_SH_1,141152,140654,141152,140654,1.0,1.0,0.0,22,22,498,0.003528,1.0,profiled,0.0:138932|4.0:503|8.0:376|10.0:366|6.0:293,0.0:138436|4.0:503|8.0:374|10.0:366|6.0:293,False,False
roads,PAVEMENT_1,141152,140654,141152,140654,1.0,1.0,0.0,107,107,498,0.003528,1.0,profiled,0.0:23021|10.0:22025|9.0:17485|8.0:11831|12.0:10307,0.0:22542|10.0:22025|9.0:17483|8.0:11827|12.0:10305,False,False
roads,PAVEMENT_W,141152,140654,141152,140654,1.0,1.0,0.0,110,110,498,0.003528,1.0,profiled,10.0:21843|0.0:18827|9.0:17342|8.0:11662|12.0:11238,10.0:21842|0.0:18372|9.0:17339|8.0:11656|12.0:11236,False,False
roads,RIM_ACCESS,141152,140654,141152,140654,1.0,1.0,0.0,3,3,498,0.003528,1.0,profiled,"3-None – Private access (driveways, etc.) permitted:136635|1-Full – access only at interchanges (interstate, etc.):3022|2-Partial – no private accessl:1495","3-None – Private access (driveways, etc.) permitted:136160|1-Full – access only at interchanges (interstate, etc.):3004|2-Partial – no private accessl:1490",True,True
roads,RIM_ACCE_1,141152,140654,141152,140654,1.0,1.0,0.0,3,3,498,0.003528,1.0,profiled,NAC:136635|FAC:3022|PAC:1495,NAC:136160|FAC:3004|PAC:1490,False,False
roads,RIM_COUPLE,141152,140654,141152,140654,1.0,1.0,0.0,2,2,498,0.003528,1.0,profiled,N:140917|Y:235,N:140420|Y:234,False,False
roads,RIM_CURB_1,141152,140654,134013,133802,0.949423,0.951285,0.0,5,5,211,0.001574,1.0,profiled,1-No Curb or Barrier:93961|4-Curb Face Type is not specified - REVIEW:34701|2-Straight Face/Barrier:4451|3-Slope Face:459|5-Roll Top:441,1-No Curb or Barrier:93853|4-Curb Face Type is not specified - REVIEW:34617|2-Straight Face/Barrier:4434|3-Slope Face:458|5-Roll Top:440,False,False
roads,RIM_CURB_2,141152,140654,135677,135466,0.961212,0.963115,0.0,5,5,211,0.001555,1.0,profiled,NON:93946|UKT:36283|SFB:4530|SFC:471|RTP:447,NON:93837|UKT:36200|SFB:4513|SFC:470|RTP:446,False,False
roads,RIM_CURB_3,141152,140654,134013,133802,0.949423,0.951285,0.0,5,5,211,0.001574,1.0,profiled,NON:93961|UKT:34701|SFB:4451|SFC:459|RTP:441,NON:93853|UKT:34617|SFB:4434|SFC:458|RTP:440,False,False
roads,RIM_CURB_T,141152,140654,135677,135466,0.961212,0.963115,0.0,5,5,211,0.001555,1.0,profiled,1-No Curb or Barrier:93946|4-Curb Face Type is not specified - REVIEW:36283|2-Straight Face/Barrier:4530|3-Slope Face:471|5-Roll Top:447,1-No Curb or Barrier:93837|4-Curb Face Type is not specified - REVIEW:36200|2-Straight Face/Barrier:4513|3-Slope Face:470|5-Roll Top:446,False,False
roads,RIM_FACILI,141152,140654,141152,140654,1.0,1.0,0.0,7,6,498,0.003528,0.857143,profiled,3-Two-Way Undivided:118691|4-Two-Way Divided:16505|1-One-Way Undivided:5899|2-One-Way Divided:29|5-Reversible Exclusively (e.g. 395R):23,3-Two-Way Undivided:118291|4-Two-Way Divided:16468|1-One-Way Undivided:5843|2-One-Way Divided:27|5-Reversible Exclusively (e.g. 395R):23,True,True
roads,RIM_FACI_1,141152,140654,141152,140654,1.0,1.0,0.0,7,6,498,0.003528,0.857143,profiled,TUD:118691|TWD:16505|OUD:5899|OWD:29|REX:23,TUD:118291|TWD:16468|OUD:5843|OWD:27|REX:23,False,False
roads,RIM_MEDIAN,141152,140654,141085,140599,0.999525,0.999609,0.0,8,8,486,0.003445,1.0,profiled,"1-No median or unprotected area less than 4 feet wide (1):124503|2-Curbed Barrier or mountable curbs with a minimum height of 4 inches (4,7):9024|4-Grass unprotected Median exists with a width of 4 feet or more (2):6302|6-Jersey Barrier or Guard Rail creates a positive barrier(8):960|3-Painted unprotected Median exists with a width of 4 feet or more (5):280","1-No median or unprotected area less than 4 feet wide (1):124057|2-Curbed Barrier or mountable curbs with a minimum height of 4 inches (4,7):8999|4-Grass unprotected Median exists with a width of 4 feet or more (2):6287|6-Jersey Barrier or Guard Rail creates a positive barrier(8):960|3-Painted unprotected Median exists with a width of 4 feet or more (5):280",True,True
roads,RIM_MEDI_1,141152,140654,93229,93117,0.660487,0.662029,0.0,5,5,112,0.001201,1.0,profiled,1-No Curb or Barrier:92055|2-Straight Face/Barrier:808|3-Slope Face:248|4-Curb Face Type is not specified - REVIEW:112|5-Roll Top:6,1-No Curb or Barrier:91944|2-Straight Face/Barrier:807|3-Slope Face:248|4-Curb Face Type is not specified - REVIEW:112|5-Roll Top:6,False,False
roads,RIM_MEDI_2,141152,140654,93229,93118,0.660487,0.662036,0.0,5,5,111,0.001191,1.0,profiled,1-No Curb or Barrier:92082|2-Straight Face/Barrier:793|3-Slope Face:240|4-Curb Face Type is not specified - REVIEW:108|5-Roll Top:6,1-No Curb or Barrier:91972|2-Straight Face/Barrier:792|3-Slope Face:240|4-Curb Face Type is not specified - REVIEW:108|5-Roll Top:6,False,False
roads,RIM_MEDI_3,141152,140654,3007,3002,0.021303,0.021343,0.0,9,9,5,0.001663,1.0,profiled,"Bituminous concrete surfaced:807|No shoulder in front of curb:803|No shoulders or curbs exist:454|Stabilized gravel or other granular material with or without admixture:407|Not surfaced or stabilized, such as grass or soil:356","Bituminous concrete surfaced:805|No shoulder in front of curb:802|No shoulders or curbs exist:454|Stabilized gravel or other granular material with or without admixture:405|Not surfaced or stabilized, such as grass or soil:356",False,False
roads,RIM_MEDI_4,141152,140654,2566,2562,0.018179,0.018215,0.0,9,9,4,0.001559,1.0,profiled,"No shoulder in front of curb:765|Bituminous concrete surfaced:523|Stabilized gravel or other granular material with or without admixture:393|No shoulders or curbs exist:380|Not surfaced or stabilized, such as grass or soil:339","No shoulder in front of curb:764|Bituminous concrete surfaced:522|Stabilized gravel or other granular material with or without admixture:391|No shoulders or curbs exist:380|Not surfaced or stabilized, such as grass or soil:339",False,False
roads,RIM_MEDI_5,141152,140654,141085,140599,0.999525,0.999609,0.0,8,8,486,0.003445,1.0,profiled,NON:124503|CRB:9024|FGR:6302|JBG:960|FPT:280,NON:124057|CRB:8999|FGR:6287|JBG:960|FPT:280,False,False
roads,RIM_MEDI_6,141152,140654,3007,3002,0.021303,0.021343,0.0,9,9,5,0.001663,1.0,profiled,SSB:807|BRR:803|NON:454|STB:407|EAR:356,SSB:805|BRR:802|NON:454|STB:405|EAR:356,False,False
roads,RIM_MEDI_7,141152,140654,2566,2562,0.018179,0.018215,0.0,9,9,4,0.001559,1.0,profiled,BRR:765|SSB:523|STB:393|NON:380|EAR:339,BRR:764|SSB:522|STB:391|NON:380|EAR:339,False,False
roads,RIM_MEDI_8,141152,140654,93229,93117,0.660487,0.662029,0.0,5,5,112,0.001201,1.0,profiled,NON:92055|SFB:808|SFC:248|UKT:112|RTP:6,NON:91944|SFB:807|SFC:248|UKT:112|RTP:6,False,False
roads,RIM_MEDI_9,141152,140654,93229,93118,0.660487,0.662036,0.0,5,5,111,0.001191,1.0,profiled,NON:92082|SFB:793|SFC:240|UKT:108|RTP:6,NON:91972|SFB:792|SFC:240|UKT:108|RTP:6,False,False
roads,RIM_REVIEW,141152,140654,141152,140654,1.0,1.0,0.0,2,2,498,0.003528,1.0,profiled,N:130105|Y:11047,N:129641|Y:11013,False,False
roads,RIM_SHOULD,141152,140654,15822,15787,0.112092,0.11224,0.0,9,9,35,0.002212,1.0,profiled,"No shoulder in front of curb:4454|Not surfaced or stabilized, such as grass or soil:3514|No shoulders or curbs exist:2961|Bituminous concrete surfaced:2123|Stabilized gravel or other granular material with or without admixture:1712","No shoulder in front of curb:4437|Not surfaced or stabilized, such as grass or soil:3513|No shoulders or curbs exist:2954|Bituminous concrete surfaced:2120|Stabilized gravel or other granular material with or without admixture:1706",False,False
roads,RIM_SHOU_1,141152,140654,16193,16158,0.11472,0.114878,0.0,9,9,35,0.002161,1.0,profiled,"No shoulder in front of curb:4498|Not surfaced or stabilized, such as grass or soil:3593|No shoulders or curbs exist:3014|Bituminous concrete surfaced:2286|Stabilized gravel or other granular material with or without admixture:1708","No shoulder in front of curb:4481|Not surfaced or stabilized, such as grass or soil:3592|No shoulders or curbs exist:3007|Bituminous concrete surfaced:2283|Stabilized gravel or other granular material with or without admixture:1702",False,False
roads,RIM_SHOU_2,141152,140654,15822,15787,0.112092,0.11224,0.0,9,9,35,0.002212,1.0,profiled,BRR:4454|EAR:3514|NON:2961|SSB:2123|STB:1712,BRR:4437|EAR:3513|NON:2954|SSB:2120|STB:1706,False,False
roads,RIM_SHOU_3,141152,140654,16193,16158,0.11472,0.114878,0.0,9,9,35,0.002161,1.0,profiled,BRR:4498|EAR:3593|NON:3014|SSB:2286|STB:1708,BRR:4481|EAR:3592|NON:3007|SSB:2283|STB:1702,False,False
roads,RIM_TRAVEL,141152,140654,129491,129278,0.917387,0.919121,0.0,838,837,213,0.001645,0.998807,profiled,Source for LANE_THRU_PEAK_CNT is HTRIS Road Characteristic table LANES_QTY =2:104105|Source for LANE_THRU_PEAK_CNT is HTRIS Road Characteristic table LANES_QTY =4:10888|Source for LANE_THRU_PEAK_CNT is HTRIS Road Characteristic table LANES_QTY =1:3588|Source for LANE_THRU_PEAK_CNT is HTRIS Road Characteristic table LANES_QTY =3:1799|Source for LANE_THRU_PEAK_CNT is HTRIS Sample HP table PEAK_LANES = 2:1774,Source for LANE_THRU_PEAK_CNT is HTRIS Road Characteristic table LANES_QTY =2:103968|Source for LANE_THRU_PEAK_CNT is HTRIS Road Characteristic table LANES_QTY =4:10863|Source for LANE_THRU_PEAK_CNT is HTRIS Road Characteristic table LANES_QTY =1:3579|Source for LANE_THRU_PEAK_CNT is HTRIS Road Characteristic table LANES_QTY =3:1793|Source for LANE_THRU_PEAK_CNT is HTRIS Sample HP table PEAK_LANES = 2:1769,False,False
roads,RTE_CATEGO,141152,140654,141152,140654,1.0,1.0,0.0,20,19,498,0.003528,0.95,profiled,Secondary:100864|Urban Streets:11137|US Highway Primary:9826|State Highway Primary:7974|Interstate Ramp:2812,Secondary:100816|Urban Streets:11119|US Highway Primary:9761|State Highway Primary:7959|Interstate Ramp:2809,True,True
roads,RTE_COMMON,141152,140654,141152,140654,1.0,1.0,0.0,74332,74025,498,0.003528,0.99587,profiled,US-11N:617|US-60E:414|US-1N:406|US-58E:366|US-460E:360,US-11N:617|US-60E:414|US-1N:406|US-58E:366|US-460E:360,True,True
roads,RTE_FROM_M,141152,140654,141152,140654,1.0,1.0,0.0,11222,11211,498,0.003528,0.99902,profiled,0.0:72598|0.1:790|0.06:679|0.05:675|0.08:638,0.0:72304|0.1:789|0.06:679|0.05:674|0.08:637,True,True
roads,RTE_ID,141152,140654,141152,140654,1.0,1.0,0.0,74332,74025,498,0.003528,0.99587,profiled,2138633:617|1586873:414|1933762:406|2436112:366|2429646:360,2138633:617|1586873:414|1933762:406|2436112:366|2429646:360,True,True
roads,RTE_MEASUR,141152,140654,141152,140654,1.0,1.0,0.0,3,2,498,0.003528,0.666667,profiled,OSM:128985|OUM:12134|CALC:33,OSM:128551|OUM:12103,True,True
roads,RTE_NM,141152,140654,139165,139053,0.985923,0.988617,0.0,72711,72703,112,0.000805,0.99989,profiled,R-VA   US00011NB:617|R-VA   US00060EB:414|R-VA   US00001NB:406|R-VA   US00058EB:366|R-VA   US00460EB:360,R-VA   US00011NB:617|R-VA   US00060EB:414|R-VA   US00001NB:406|R-VA   US00058EB:366|R-VA   US00460EB:360,True,True
roads,RTE_RAMP_C,141152,140654,4908,4895,0.034771,0.034802,0.0,14,14,13,0.002649,1.0,profiled,A:2915|B:1564|C:155|X:112|R:63,A:2907|B:1559|C:155|X:112|R:63,True,True
roads,RTE_TO_MSR,141152,140654,141152,140654,1.0,1.0,0.0,11648,11570,498,0.003528,0.993304,profiled,0.1:3226|0.05:3091|0.06:2955|0.08:2739|0.07:2668,0.1:3221|0.05:3087|0.06:2953|0.08:2736|0.07:2666,True,True
roads,RTE_TYPE_N,141152,140654,141046,140586,0.999249,0.999517,0.0,8,8,460,0.003261,1.0,profiled,Secondary Route:103740|Street Route:12132|U.S. Route:11156|State Route:9790|Interstate:2651,Secondary Route:103682|Street Route:12101|U.S. Route:10936|State Route:9746|Interstate:2649,True,True
roads,Shape_Length,141152,140654,141152,140654,1.0,1.0,0.0,140574,140573,498,0.003528,0.999993,profiled,0.0:498|321.82653540944887:6|483.2166613252888:6|41.023106014149754:6|528.8857340869167:6,321.82653540944887:6|483.2166613252888:6|41.023106014149754:6|528.8857340869167:6|580.0575128254667:6,False,False
roads,THRU_TRVL1,141152,140654,141152,140654,1.0,1.0,0.0,93,93,498,0.003528,1.0,profiled,10.0:23655|9.0:18641|12.0:16425|8.0:13150|0.0:12197,10.0:23654|9.0:18638|12.0:16420|8.0:13144|0.0:11750,False,False
roads,THRU_TRVL_,141152,140654,141152,140654,1.0,1.0,0.0,90,90,498,0.003528,1.0,profiled,10.0:23837|9.0:18825|0.0:16404|12.0:15321|8.0:13310,10.0:23837|9.0:18823|0.0:15930|12.0:15316|8.0:13306,False,False
roads,TO_MEASURE,141152,140654,138742,138740,0.982926,0.986392,0.0,10225,10225,2,1.4e-05,1.0,profiled,0.09:3115|0.04:3093|0.05:2992|0.06:2838|0.07:2778,0.09:3115|0.04:3093|0.05:2992|0.06:2838|0.07:2778,True,True
roads,UNPAVED_SH,141152,140654,141152,140654,1.0,1.0,0.0,36,36,498,0.003528,1.0,profiled,0.0:57464|4.0:25800|2.0:15952|6.0:10818|5.0:9931,0.0:56973|4.0:25800|2.0:15949|6.0:10817|5.0:9931,False,False
roads,UNPAVED__1,141152,140654,141152,140654,1.0,1.0,0.0,36,36,498,0.003528,1.0,profiled,0.0:56183|4.0:25617|2.0:15908|6.0:11866|5.0:9927,0.0:55703|4.0:25617|2.0:15905|6.0:11856|5.0:9927,False,False
roads,UNPVD_MDN1,141152,140654,141152,140654,1.0,1.0,0.0,19,19,498,0.003528,1.0,profiled,0.0:138534|4.0:780|3.0:713|6.0:507|2.0:299,0.0:138036|4.0:780|3.0:713|6.0:507|2.0:299,False,False
roads,UNPVD_MDN_,141152,140654,141152,140654,1.0,1.0,0.0,17,17,498,0.003528,1.0,profiled,0.0:138682|4.0:768|3.0:658|6.0:505|2.0:273,0.0:138184|4.0:768|3.0:658|6.0:505|2.0:273,False,False
roads,geometry,141152,140654,140654,140654,0.996472,1.0,0.0,1,140573,0,0.0,140573.0,profiled,MultiLineString:140654,"MULTILINESTRING Z ((76625.08137 78180.9168 0, 76593.494759 78202.46096 0, 76543.132901 78244.250555 0, 76505.058811 78279.55185 0, 76479.860162 78302.427256 0, 76461.040195 78325.361646 0, 76447.640616 78337.122016 0, 76430.519408 78348.848473 0)):6|MULTILINESTRING Z ((76430.519408 78348.848473 0, 76410.142762 78360.223359 0, 76393.288337 78372.743148 0, 76383.373758 78385.327049 0, 76367.52877 78421.179194 0, 76347.057683 78471.692171 0, 76332.738193 78519.219932 0, 76317.236371 78562.17355 0, 76295.907753 78617.241947 0, 76277.919232 78664.228885 0, 76268.695393 78690.508793 0)):6|MULTILINESTRING Z ((142107.38179 187148.232973 0, 142103.191458 187148.160008 0, 142089.943843 187149.039403 0, 142074.9323 187149.887558 0)):6|MULTILINESTRING Z ((76685.181529 78275.888142 0, 76729.817999 78236.077132 0, 76763.59718 78205.358978 0, 76792.555192 78178.557807 0, 76812.396549 78160.255116 0, 76822.088092 78147.140099 0, 76829.121927 78134.00078 0, 76833.503221 78120.176016 0, 76832.049776 78104.976727 0, 76818.528162 78072.49909 0, 76789.450162 77997.621158 0, 76782.185555 77978.406755 0, 76778.067504 77963.843119 0, 76778.128793 77957.241376 0, 76781.923543 77949.353489 0, 76793.283628 77928.331255 0)):6|MULTILINESTRING Z ((107342.672707 67512.787029 0, 107379.307096 67479.50358 0, 107389.55461 67477.475073 0, 107419.468158 67459.45102 0, 107433.067082 67447.950846 0, 107433.240191 67434.607935 0, 107427.520895 67422.766732 0, 107416.054003 67411.587572 0, 107403.004367 67415.310869 0, 107386.152153 67435.6653 0, 107378.156932 67464.475823 0, 107377.622051 67471.141043 0, 107389.55461 67477.475073 0, 107491.106698 67672.337523 0)):6",False,False
access,ACCESS_CONTROL,70595,70595,0,0,0.0,0.0,0.0,0,0,0,0.0,,profiled,,,True,True
access,ACCESS_DIRECTION,70595,70595,0,0,0.0,0.0,0.0,0,0,0,0.0,,profiled,,,True,True
access,COMMERCIAL_RETAIL,70595,70595,0,0,0.0,0.0,0.0,0,0,0,0.0,,profiled,,,True,True
access,CROSS_STREET,70595,70595,0,0,0.0,0.0,0.0,0,0,0,0.0,,profiled,,,True,True
access,GOV_SCHOOL_INSTITUTIONAL,70595,70595,0,0,0.0,0.0,0.0,0,0,0,0.0,,profiled,,,True,True
access,INDUSTRIAL,70595,70595,0,0,0.0,0.0,0.0,0,0,0,0.0,,profiled,,,True,True
access,NUMBER_OF_APPROACHES,70595,70595,0,0,0.0,0.0,0.0,0,0,0,0.0,,profiled,,,True,True
access,RESIDENTIAL,70595,70595,0,0,0.0,0.0,0.0,0,0,0,0.0,,profiled,,,True,True
access,TURN_LANES_PRIMARY_ROUTE,70595,70595,0,0,0.0,0.0,0.0,0,0,0,0.0,,profiled,,,True,True
access,UNKNOWN,70595,70595,0,0,0.0,0.0,0.0,0,0,0,0.0,,profiled,,,False,False
access,_createdBy,70595,70595,70595,70595,1.0,1.0,0.0,1,1,0,0.0,1.0,profiled,4baecead-ca71-40f1-8783-7d1ea869faba:70595,4baecead-ca71-40f1-8783-7d1ea869faba:70595,False,False
access,_createdOn,70595,70595,70595,70595,1.0,1.0,0.0,70101,70101,0,0.0,1.0,profiled,2020-07-19 18:20:06:2|2020-07-19 18:30:17:2|2020-07-19 18:30:37:2|2020-07-19 18:30:49:2|2020-07-19 18:35:32:2,2020-07-19 18:20:06:2|2020-07-19 18:30:17:2|2020-07-19 18:30:37:2|2020-07-19 18:30:49:2|2020-07-19 18:35:32:2,False,False
access,_editId,70595,70595,70595,70595,1.0,1.0,0.0,70595,70595,0,0.0,1.0,profiled,088e4188-1c0c-4367-9b71-070aa7c010ae:1|7f34ff8b-d183-4d54-8c18-7c362907f93b:1|4a29cb73-7523-41c0-983e-39c18564e2ba:1|426748ff-2340-4760-a060-9ea847fc21d8:1|d5d2aad1-02d3-4b11-95fa-866ffc591a17:1,088e4188-1c0c-4367-9b71-070aa7c010ae:1|7f34ff8b-d183-4d54-8c18-7c362907f93b:1|4a29cb73-7523-41c0-983e-39c18564e2ba:1|426748ff-2340-4760-a060-9ea847fc21d8:1|d5d2aad1-02d3-4b11-95fa-866ffc591a17:1,False,False
access,_featureId,70595,70595,70595,70595,1.0,1.0,0.0,70595,70595,0,0.0,1.0,profiled,5e95c6c2-8843-419e-88e3-aee7b9129138:1|06c8322e-17d9-459b-bef4-dea0127764ed:1|c3bd6b8a-e403-4e7e-89ae-a0cbf1e04f8c:1|3ccac269-f697-4447-ad19-0a17afbf9b5d:1|8e545a47-f0c0-4f33-831e-a55e53b4a183:1,5e95c6c2-8843-419e-88e3-aee7b9129138:1|06c8322e-17d9-459b-bef4-dea0127764ed:1|c3bd6b8a-e403-4e7e-89ae-a0cbf1e04f8c:1|3ccac269-f697-4447-ad19-0a17afbf9b5d:1|8e545a47-f0c0-4f33-831e-a55e53b4a183:1,False,False
access,_geometryType,70595,70595,70595,70595,1.0,1.0,0.0,1,1,0,0.0,1.0,profiled,LrsPoint:70595,LrsPoint:70595,False,False
access,_layerId,70595,70595,70595,70595,1.0,1.0,0.0,1,1,0,0.0,1.0,profiled,07a673a7-da75-46d4-976b-e1bd1eea35b8:70595,07a673a7-da75-46d4-976b-e1bd1eea35b8:70595,False,False
access,_m,70595,70595,70595,70595,1.0,1.0,0.0,70251,70251,0,0.0,1.0,profiled,-0.000400000004447065:146|13.8396000000066:26|0.0996000000013737:10|0.109599999996135:8|0.00659999999334104:6,-0.000400000004447065:146|13.8396000000066:26|0.0996000000013737:10|0.109599999996135:8|0.00659999999334104:6,False,False
access,_modifiedBy,70595,70595,0,0,0.0,0.0,0.0,0,0,0,0.0,,profiled,,,False,False
access,_modifiedOn,70595,70595,0,0,0.0,0.0,0.0,0,0,0,0.0,,profiled,,,False,False
access,_rte_nm,70595,70595,70595,70595,1.0,1.0,0.0,7523,7523,0,0.0,1.0,profiled,R-VA   US00011NB:1160|R-VA   US00058WB:1150|R-VA   SR00040EB:985|R-VA   US00340NB:966|R-VA   US00501SB:935,R-VA   US00011NB:1160|R-VA   US00058WB:1150|R-VA   SR00040EB:985|R-VA   US00340NB:966|R-VA   US00501SB:935,False,False
access,_x,70595,70595,70595,70595,1.0,1.0,0.0,70529,70529,0,0.0,1.0,profiled,-76.192876976:21|-79.96864987:6|-76.192749159:5|-77.430130142:2|-76.736443279:2,-76.192876976:21|-79.96864987:6|-76.192749159:5|-77.430130142:2|-76.736443279:2,False,False
access,_y,70595,70595,70595,70595,1.0,1.0,0.0,70531,70531,0,0.0,1.0,profiled,36.550526741:21|37.327297881:6|36.550585109:5|36.704873033:2|37.948552898:2,36.550526741:21|37.327297881:6|36.550585109:5|36.704873033:2|37.948552898:2,False,False
access,geometry,70595,70595,70595,70595,1.0,1.0,0.0,1,70531,0,0.0,70531.0,profiled,Point:70595,POINT (296092.235291 66401.712205):21|POINT (-41531.187685 147421.597276):6|POINT (296103.44261 66408.595385):5|POINT (204277.488122 80764.426475):2|POINT (347967.866229 223705.509235):2,False,False
access,geometryType,70595,70595,70595,70595,1.0,1.0,0.0,1,1,0,0.0,1.0,profiled,LrsPoint:70595,LrsPoint:70595,False,False
access,id,70595,70595,70595,70595,1.0,1.0,0.0,70595,70595,0,0.0,1.0,profiled,5e95c6c2-8843-419e-88e3-aee7b9129138:1|06c8322e-17d9-459b-bef4-dea0127764ed:1|c3bd6b8a-e403-4e7e-89ae-a0cbf1e04f8c:1|3ccac269-f697-4447-ad19-0a17afbf9b5d:1|8e545a47-f0c0-4f33-831e-a55e53b4a183:1,5e95c6c2-8843-419e-88e3-aee7b9129138:1|06c8322e-17d9-459b-bef4-dea0127764ed:1|c3bd6b8a-e403-4e7e-89ae-a0cbf1e04f8c:1|3ccac269-f697-4447-ad19-0a17afbf9b5d:1|8e545a47-f0c0-4f33-831e-a55e53b4a183:1,False,False
speed,AUTHORITY_DSC,38723,38723,38718,38718,0.999871,0.999871,0.0,2,2,0,0.0,1.0,profiled,Resolution:22001|Statutory:16717,Resolution:22001|Statutory:16717,False,False
speed,CAR_SPEED_LIMIT,38723,38723,38717,38717,0.999845,0.999845,0.0,13,13,0,0.0,1.0,profiled,25.0:19176|35.0:6595|45.0:5875|55.0:2502|40.0:1762,25.0:19176|35.0:6595|45.0:5875|55.0:2502|40.0:1762,True,True
speed,COMMENT_TEXT,38723,38723,36786,36786,0.949978,0.949978,0.0,21896,21896,0,0.0,1.0,profiled,Original Route Alias: Main Street:252|Original Route Alias: Lee Highway:222|Original Route Alias: Courthouse Road:128|Original Route Alias: Jefferson Davis Highway:127|Original Route Alias: Richmond Road:100,Original Route Alias: Main Street:252|Original Route Alias: Lee Highway:222|Original Route Alias: Courthouse Road:128|Original Route Alias: Jefferson Davis Highway:127|Original Route Alias: Richmond Road:100,False,False
speed,END_LABEL,38723,38723,36908,36908,0.953129,0.953129,0.0,22671,22671,0,0.0,1.0,profiled,Cul-de-Sac:1531|Dead End:1437|End State Maintenance:317|End of Route:123|Cul-de-sac:81,Cul-de-Sac:1531|Dead End:1437|End State Maintenance:317|End of Route:123|Cul-de-sac:81,False,False
speed,EVENT_COMPONENT_ID,38723,38723,38723,38723,1.0,1.0,0.0,3,3,0,0.0,1.0,profiled,1:38716|2:6|3:1,1:38716|2:6|3:1,True,True
speed,EVENT_LOCATION_ID,38723,38723,38723,38723,1.0,1.0,0.0,38717,38717,0,0.0,1.0,profiled,25624104:3|38477476:2|24662487:2|38476389:2|38233270:2,25624104:3|38477476:2|24662487:2|38476389:2|38233270:2,True,True
speed,EVENT_SOURCE_ID,38723,38723,38723,38723,1.0,1.0,0.0,29929,29929,0,0.0,1.0,profiled,50601:30|48600:28|37924:27|545246:23|360213:21,50601:30|48600:28|37924:27|545246:23|360213:21,True,True
speed,FROM_DISTRICT,38723,38723,38694,38694,0.999251,0.999251,0.0,9,9,0,0.0,1.0,profiled,Northern Virginia:8724|Fredericksburg:5954|Richmond:4948|Salem:4039|Staunton:3264,Northern Virginia:8724|Fredericksburg:5954|Richmond:4948|Salem:4039|Staunton:3264,False,False
speed,FROM_JURISDICTION,38723,38723,38723,38723,1.0,1.0,0.0,159,159,0,0.0,1.0,profiled,Fairfax County:5004|Chesterfield County:2066|Prince William County:1929|Loudoun County:1636|Spotsylvania County:1598,Fairfax County:5004|Chesterfield County:2066|Prince William County:1929|Loudoun County:1636|Spotsylvania County:1598,False,False
speed,LENGTH,38723,38723,38718,38718,0.999871,0.999871,0.0,1097,1097,0,0.0,1.0,profiled,0.2:857|0.1:682|0.3:609|0.05:588|0.5:576,0.2:857|0.1:682|0.3:609|0.05:588|0.5:576,False,False
speed,LOC_COMP_DIRECTIONALITY_NAME,38723,38723,38723,38723,1.0,1.0,0.0,4,4,0,0.0,1.0,profiled,Bidirectional:30324|Master Prime:4325|Master Non-Prime:4067|Unknown:7,Bidirectional:30324|Master Prime:4325|Master Non-Prime:4067|Unknown:7,True,True
speed,RADAR_STUDY_RECEIVED_DATE,38723,38723,0,0,0.0,0.0,0.0,0,0,0,0.0,,profiled,,,False,False
speed,RESOLUTION_ID,38723,38723,22004,22004,0.568241,0.568241,0.0,2186,2186,0,0.0,1.0,profiled,801360.0:2517|798772.0:297|798737.0:260|798709.0:209|813701.0:189,801360.0:2517|798772.0:297|798737.0:260|798709.0:209|813701.0:189,False,False
speed,RESOLUTION_SIGNED_DATE,38723,38723,22004,22004,0.568241,0.568241,0.0,1718,1718,0,0.0,1.0,profiled,1971-09-21 00:00:00+00:00:2532|1974-03-06 00:00:00+00:00:384|1964-08-20 00:00:00+00:00:297|2010-10-26 00:00:00+00:00:268|1964-07-16 00:00:00+00:00:262,1971-09-21 00:00:00+00:00:2532|1974-03-06 00:00:00+00:00:384|1964-08-20 00:00:00+00:00:297|2010-10-26 00:00:00+00:00:268|1964-07-16 00:00:00+00:00:262,False,False
speed,ROUTE_COMMON_NAME,38723,38723,38723,38723,1.0,1.0,0.0,21808,21808,0,0.0,1.0,profiled,US-58E:340|US-460E:310|US-11N:303|US-58W:255|US-460W:225,US-58E:340|US-460E:310|US-11N:303|US-58W:255|US-460W:225,True,True
speed,ROUTE_FROM_MEASURE,38723,38723,38723,38723,1.0,1.0,0.0,6800,6800,0,0.0,1.0,profiled,0.0:18280|0.01:186|0.1:106|0.06:101|0.05:98,0.0:18280|0.01:186|0.1:106|0.06:101|0.05:98,True,True
speed,ROUTE_TO_MEASURE,38723,38723,38723,38723,1.0,1.0,0.0,7177,7177,0,0.0,1.0,profiled,0.1:584|0.2:536|0.05:532|0.08:511|0.06:510,0.1:584|0.2:536|0.05:532|0.08:511|0.06:510,True,True
speed,RTE_TYPE_CD,38723,38723,38723,38723,1.0,1.0,0.0,6,6,0,0.0,1.0,profiled,SC:29178|US:5130|SR:3379|IS:777|ST:176,SC:29178|US:5130|SR:3379|IS:777|ST:176,True,True
speed,RTE_TYPE_NM,38723,38723,38723,38723,1.0,1.0,0.0,6,6,0,0.0,1.0,profiled,Secondary Route:29178|U.S. Route:5130|State Route:3379|Interstate:777|Street Route:176,Secondary Route:29178|U.S. Route:5130|State Route:3379|Interstate:777|Street Route:176,True,True
speed,SHAPE_Length,38723,38723,38723,38723,1.0,1.0,0.0,38554,38554,0,0.0,1.0,profiled,0.0:102|19.243106980621423:2|43.45255573297105:2|1023.0438969898357:2|477.4512909471535:2,0.0:102|19.243106980621423:2|43.45255573297105:2|1023.0438969898357:2|477.4512909471535:2,False,False
speed,SIGN_INSTALLED_DATE,38723,38723,35606,35606,0.919505,0.919505,0.0,7597,7597,0,0.0,1.0,profiled,1932-01-01 00:00:00+00:00:5761|1971-09-01 00:00:00+00:00:1897|1932-01-02 00:00:00+00:00:763|1974-03-06 00:00:00+00:00:400|1988-07-01 00:00:00+00:00:115,1932-01-01 00:00:00+00:00:5761|1971-09-01 00:00:00+00:00:1897|1932-01-02 00:00:00+00:00:763|1974-03-06 00:00:00+00:00:400|1988-07-01 00:00:00+00:00:115,False,False
speed,SPEEDZONE_TYPE_DSC,38723,38723,38718,38718,0.999871,0.999871,0.0,3,3,0,0.0,1.0,profiled,Conventional:37684|Variable School:1026|Variable Others:8,Conventional:37684|Variable School:1026|Variable Others:8,False,True
speed,START_LABEL,38723,38723,36932,36932,0.953748,0.953748,0.0,22934,22934,0,0.0,1.0,profiled,Dead End:1433|Cul-de-Sac:1395|End State Maintenance:294|End of Route:107|Cul-de-sac:103,Dead End:1433|Cul-de-Sac:1395|End State Maintenance:294|End of Route:107|Cul-de-sac:103,False,False
speed,STUDY_DATE,38723,38723,24084,24084,0.621956,0.621956,0.0,6206,6206,0,0.0,1.0,profiled,1968-02-29 00:00:00+00:00:148|2008-08-29 00:00:00+00:00:93|2010-09-28 00:00:00+00:00:90|2020-05-07 00:00:00+00:00:76|2012-10-03 00:00:00+00:00:72,1968-02-29 00:00:00+00:00:148|2008-08-29 00:00:00+00:00:93|2010-09-28 00:00:00+00:00:90|2020-05-07 00:00:00+00:00:76|2012-10-03 00:00:00+00:00:72,False,False
speed,SUB_DIVISION_NAME,38723,38723,16792,16792,0.433644,0.433644,0.0,4921,4921,0,0.0,1.0,profiled,MARTINSVILLE AREA:220|STERLING AREA:179|MANASSAS AREA:115|DANVILLE AREA:87|FALMOUTH AREA:74,MARTINSVILLE AREA:220|STERLING AREA:179|MANASSAS AREA:115|DANVILLE AREA:87|FALMOUTH AREA:74,False,False
speed,TO_DISTRICT,38723,38723,38668,38668,0.99858,0.99858,0.0,9,9,0,0.0,1.0,profiled,Northern Virginia:8710|Fredericksburg:5953|Richmond:4939|Salem:4037|Staunton:3263,Northern Virginia:8710|Fredericksburg:5953|Richmond:4939|Salem:4037|Staunton:3263,False,False
speed,TO_JURISDICTION,38723,38723,38723,38723,1.0,1.0,0.0,157,157,0,0.0,1.0,profiled,Fairfax County:5002|Chesterfield County:2068|Prince William County:1933|Loudoun County:1632|Spotsylvania County:1599,Fairfax County:5002|Chesterfield County:2068|Prince William County:1933|Loudoun County:1632|Spotsylvania County:1599,False,False
speed,TRUCK_SPEED_LIMIT,38723,38723,38714,38714,0.999768,0.999768,0.0,13,13,0,0.0,1.0,profiled,25.0:19177|35.0:6597|45.0:6058|55.0:2399|40.0:1770,25.0:19177|35.0:6597|45.0:6058|55.0:2399|40.0:1770,True,True
speed,geometry,38723,38723,38621,38621,0.997366,0.997366,0.0,1,38553,0,0.0,38553.0,profiled,MultiLineString:38621,"MULTILINESTRING ((156973.79291 158545.952491, 156972.00894 158548.566142, 156967.054829 158555.598494, 156964.727038 158558.200374)):2|MULTILINESTRING ((152841.987828 331041.104329, 152847.937847 331044.046311, 152871.906261 331056.815304)):2|MULTILINESTRING ((131371.756991 225802.561451, 131393.248772 225773.26234, 131408.459773 225756.673194, 131420.682236 225744.168872, 131438.286041 225726.155804, 131446.409971 225718.414988, 131494.361551 225672.346131, 131527.738793 225637.250092, 131578.172685 225589.404173, 131622.029767 225546.538544, 131663.886639 225505.248464, 131671.768236 225496.549683, 131684.2277 225486.322792, 131689.491745 225482.336548, 131694.797292 225478.407921, 131700.144794 225474.538253, 131705.534974 225470.726693, 131710.967121 225466.973308, 131716.437833 225463.278748, 131721.950907 225459.64237, 131727.502499 225456.067646, 131733.089864 225452.553745, 131741.412244 225447.866258, 131752.945948 225441.528471, 131766.608181 225434.211248, 131775.076499 225429.796649, 131783.583802 225425.449293, 131791.050578 225421.505261, 131847.194567 225391.841173, 131894.619935 225366.339443, 131897.118312 225364.995383, 131924.385438 225350.900098, 131928.015879 225349.108358, 131931.680101 225347.383223, 131935.391705 225345.717688, 131939.096156 225344.133329, 131942.846129 225342.611289, 131946.625539 225341.156254, 131950.428805 225339.771904, 131954.258989 225338.454126, 131958.108765 225337.207356, 131963.634344 225335.765065, 132004.358461 225325.133786)):2|MULTILINESTRING ((131115.706959 226058.010912, 131139.010445 226049.336124, 131152.638817 226044.261607, 131204.462264 226025.149283, 131206.167853 226024.671691, 131207.852675 226024.132192, 131209.51711 226023.531734, 131211.157739 226022.86712, 131212.775151 226022.141031, 131215.168105 226020.917692, 131221.794794 226016.577015, 131223.169257 226015.458483, 131224.498778 226014.290533, 131225.78334 226013.074107, 131227.02506 226011.810102, 131228.21554 226010.500739, 131229.357748 226009.147952, 131230.445371 226007.751951, 131231.48572 226006.318981, 131232.467023 226004.845553, 131233.394861 226003.337648, 131234.265116 226001.796298, 131235.077682 226000.223229, 131270.610968 225949.41694, 131302.20115 225904.427133, 131311.196458 225891.053062, 131333.624562 225857.705721, 131366.763966 225809.620761, 131369.642159 225805.444627, 131371.756991 225802.561451)):2|MULTILINESTRING ((-38316.435056 158304.905042, -38309.342106 158297.054319, -38305.639384 158292.673809, -38303.441726 158289.790889)):2",False,False
aadt,AADT,677597,677597,644284,644284,0.950837,0.950837,0.0,11331,11331,0,0.0,1.0,profiled,60.0:11837|70.0:10440|40.0:10139|90.0:10029|80.0:9576,60.0:11837|70.0:10440|40.0:10139|90.0:10029|80.0:9576,True,True
aadt,AADT_QUALITY,677597,677597,644278,644278,0.950828,0.950828,0.0,10,10,0,0.0,1.0,profiled,R:276693|G:189686|F:111333|T:57921|A:7036,R:276693|G:189686|F:111333|T:57921|A:7036,False,True
aadt,AADT_YR,677597,677597,644284,644284,0.950837,0.950837,0.0,25,25,0,0.0,1.0,profiled,2024.0:400773|2023.0:38278|2022.0:30766|2019.0:30405|2014.0:30258,2024.0:400773|2023.0:38278|2022.0:30766|2019.0:30405|2014.0:30258,True,True
aadt,AAWDT,677597,677597,308566,308566,0.455383,0.455383,0.0,11411,11411,0,0.0,1.0,profiled,222.0:1040|404.0:319|3298.0:244|963.0:241|273.0:235,222.0:1040|404.0:319|3298.0:244|963.0:241|273.0:235,False,True
aadt,AAWDT_QUALITY,677597,677597,644249,644249,0.950785,0.950785,0.0,6,6,0,0.0,1.0,profiled,X:453689|G:178394|A:7036|F:4915|B:172,X:453689|G:178394|A:7036|F:4915|B:172,False,True
aadt,DIRECTIONALITY,677597,677597,309170,309170,0.456274,0.456274,0.0,2,2,0,0.0,1.0,profiled,Combined:296647|Single:12523,Combined:296647|Single:12523,True,True
aadt,DIRECTION_FACTOR,677597,677597,309170,309170,0.456274,0.456274,0.0,2974,2974,0,0.0,1.0,profiled,1.0:12523|0.5:3692|0.6667:2004|0.6:1886|0.5714:1762,1.0:12523|0.5:3692|0.6667:2004|0.6:1886|0.5714:1762,True,True
aadt,EDGE_RTE_KEY,677597,677597,677597,677597,1.0,1.0,0.0,677597,677597,0,0.0,1.0,profiled,17129-R-VA131UR08804EB:1|188754-R-VA   US00460WB:1|153436-R-VA   SR00237WB:1|173307-R-VA   US00021SB:1|190538-R-VA   SR00008SBBUS001:1,17129-R-VA131UR08804EB:1|188754-R-VA   US00460WB:1|153436-R-VA   SR00237WB:1|173307-R-VA   US00021SB:1|190538-R-VA   SR00008SBBUS001:1,True,True
aadt,FROM_MEASURE,677597,677597,0,0,0.0,0.0,0.0,0,0,0,0.0,,profiled,,,True,True
aadt,FROM_PHY_JURISDICTION_NM,677597,677597,677562,677562,0.999948,0.999948,0.0,328,328,0,0.0,1.0,profiled,Fairfax County:64301|Chesterfield County:41891|Prince William County:23611|Loudoun County:20821|Spotsylvania County:12142,Fairfax County:64301|Chesterfield County:41891|Prince William County:23611|Loudoun County:20821|Spotsylvania County:12142,False,False
aadt,LINKID,677597,677597,676842,676842,0.998886,0.998886,0.0,121682,121682,0,0.0,1.0,profiled,020272:224|020270:220|405952:200|020147:191|010346:190,020272:224|020270:220|405952:200|020147:191|010346:190,True,True
aadt,MASTER_RTE_NM,677597,677597,677597,677597,1.0,1.0,0.0,74679,74679,0,0.0,1.0,profiled,R-VA   US00011NB:4855|R-VA   US00058EB:3303|R-VA   US00060EB:2744|R-VA   US00460EB:2656|R-VA   US00001NB:2433,R-VA   US00011NB:4855|R-VA   US00058EB:3303|R-VA   US00060EB:2744|R-VA   US00460EB:2656|R-VA   US00001NB:2433,True,True
aadt,MPO_DSC,677597,677597,382011,382011,0.563773,0.563773,0.0,15,15,0,0.0,1.0,profiled,Northern Virginia Portion of The Metropolitan Washington Council of Governments:125370|Richmond Transportation Planning Organization:79459|Hampton Roads Transportation Planning Organization:67274|Fredericksburg Area Metropolitan Planning Organization:23718|Roanoke Valley Transportation Planning Organization:18515,Northern Virginia Portion of The Metropolitan Washington Council of Governments:125370|Richmond Transportation Planning Organization:79459|Hampton Roads Transportation Planning Organization:67274|Fredericksburg Area Metropolitan Planning Organization:23718|Roanoke Valley Transportation Planning Organization:18515,False,False
aadt,RTE_NM,677597,677597,670790,670790,0.989954,0.989954,0.0,139885,139885,0,0.0,1.0,profiled,R-VA   US00011NB:2299|R-VA   US00011SB:2269|R-VA   US00058EB:1965|R-VA   US00058WB:1958|R-VA   US00460WB:1918,R-VA   US00011NB:2299|R-VA   US00011SB:2269|R-VA   US00058EB:1965|R-VA   US00058WB:1958|R-VA   US00460WB:1918,True,True
aadt,Shape_Length,677597,677597,677597,677597,1.0,1.0,0.0,353736,353736,0,0.0,1.0,profiled,76.63769695433466:8|14.349982323328653:6|14.82949423088589:6|18.118700057708246:6|141.67214435458328:6,76.63769695433466:8|14.349982323328653:6|14.82949423088589:6|18.118700057708246:6|141.67214435458328:6,False,False
aadt,TMPD_RECOMMENDATIONS,677597,677597,677597,677597,1.0,1.0,0.0,6,6,0,0.0,1.0,profiled,"None:672713|TMPD advises that users should pay additional attention to directionality due to inconsistencies observed over the years.:4866|Based on the counter location and road segmentation, AADT from LinkID 130015 in TMS is more reasonable than LinkID 030269.:9|Based on the counter location and road segmentation, AADT for this segment should be calculated by adding AADTs from LINKID 783044 and LINKID 783045.:5|Based on the counter location and road segmentation, AADT from LinkID 783044 in TMS is uncertain.:3","None:672713|TMPD advises that users should pay additional attention to directionality due to inconsistencies observed over the years.:4866|Based on the counter location and road segmentation, AADT from LinkID 130015 in TMS is more reasonable than LinkID 030269.:9|Based on the counter location and road segmentation, AADT for this segment should be calculated by adding AADTs from LINKID 783044 and LINKID 783045.:5|Based on the counter location and road segmentation, AADT from LinkID 783044 in TMS is uncertain.:3",False,False
aadt,TO_MEASURE,677597,677597,0,0,0.0,0.0,0.0,0,0,0,0.0,,profiled,,,True,True
aadt,TRANSPORT_EDGE_FROM_MSR,677597,677597,677597,677597,1.0,1.0,0.0,41421,41421,0,0.0,1.0,profiled,0.0:141968|0.06:5713|0.07:5449|0.05:5268|0.1:5182,0.0:141968|0.06:5713|0.07:5449|0.05:5268|0.1:5182,True,True
aadt,TRANSPORT_EDGE_TO_MSR,677597,677597,677597,677597,1.0,1.0,0.0,41491,41491,0,0.0,1.0,profiled,0.06:10235|0.05:10130|0.1:9979|0.07:9630|0.08:8953,0.06:10235|0.05:10130|0.1:9979|0.07:9630|0.08:8953,True,True
aadt,geometry,677597,677597,677597,677597,1.0,1.0,0.0,1,366103,0,0.0,366103.0,profiled,MultiLineString:677597,"MULTILINESTRING ((-2024.448583 148297.882087, -2020.599111 148308.590605)):6|MULTILINESTRING ((147309.622637 303474.461832, 147314.946104 303489.604873, 147363.729506 303629.562222, 147389.743278 303704.510498)):6|MULTILINESTRING ((147211.767529 303193.020524, 147225.967754 303232.945502, 147246.05102 303292.59176, 147286.857216 303409.147904, 147292.479962 303424.752044)):6|MULTILINESTRING ((-2147.978032 148133.199958, -2086.956604 148112.713015)):6|MULTILINESTRING ((131024.244122 274914.52123, 131035.622249 274957.776995, 131042.608725 274985.893145)):6",False,False
crashes,ALCOHOL_NOTALCOHOL,1076099,379272,1076099,379272,1.0,1.0,0.0,2,2,696827,0.647549,1.0,profiled,No:1016151|Yes:59948,No:358636|Yes:20636,False,False
crashes,ANIMAL,1076099,379272,1076099,379272,1.0,1.0,0.0,2,2,696827,0.647549,1.0,profiled,No:1006702|Yes:69397,No:352750|Yes:26522,False,False
crashes,AREA_TYPE,1076099,379272,1076099,379272,1.0,1.0,0.0,2,2,696827,0.647549,1.0,profiled,Urban:804339|Rural:271760,Urban:283197|Rural:96075,True,True
crashes,A_PEOPLE,1076099,379272,1076099,379272,1.0,1.0,0.0,14,10,696827,0.647549,0.714286,profiled,0:1022777|1:45795|2:5882|3:1163|4:344,0:360855|1:15798|2:2067|3:376|4:123,False,False
crashes,BELTED_UNBELTED,1076099,379272,1076099,379272,1.0,1.0,0.0,2,2,696827,0.647549,1.0,profiled,Belted:1031272|Unbelted:44827,Belted:362887|Unbelted:16385,False,False
crashes,BIKE_NONBIKE,1076099,379272,1076099,379272,1.0,1.0,0.0,2,2,696827,0.647549,1.0,profiled,No:1070693|Yes:5406,No:377417|Yes:1855,False,False
crashes,B_PEOPLE,1076099,379272,1076099,379272,1.0,1.0,0.0,22,17,696827,0.647549,0.772727,profiled,0:851165|1:173234|2:38612|3:8978|4:2762,0:302322|1:59111|2:13416|3:3045|4:894,False,False
crashes,COLLISION_TYPE,1076099,379272,1076099,379272,1.0,1.0,0.0,18,16,696827,0.647549,0.888889,profiled,1. Rear End:317769|2. Angle:279056|9. Fixed Object - Off Road:207524|4. Sideswipe - Same Direction:92249|10. Deer:53459,1. Rear End:105527|2. Angle:100635|9. Fixed Object - Off Road:71280|4. Sideswipe - Same Direction:35495|10. Deer:20956,True,True
crashes,CRASH_DT,1076099,379272,1076099,379272,1.0,1.0,0.0,3195,1096,696827,0.647549,0.343036,profiled,2018-11-15 05:00:00+00:00:840|2025-02-11 05:00:00+00:00:835|2018-01-09 05:00:00+00:00:746|2025-02-19 05:00:00+00:00:702|2018-12-09 05:00:00+00:00:699,2022-11-11 05:00:00+00:00:681|2023-04-28 04:00:00+00:00:664|2023-11-21 05:00:00+00:00:649|2022-01-03 05:00:00+00:00:623|2024-12-11 05:00:00+00:00:622,True,True
crashes,CRASH_MILITARY_TM,1076099,379272,1076099,379272,1.0,1.0,0.0,1440,1440,696827,0.647549,1.0,profiled,1700:6251|1600:6192|1800:5969|1730:5721|1500:5512,1700:2046|1600:2027|1800:1929|1500:1914|1730:1853,False,True
crashes,CRASH_SEVERITY,1076099,379272,1076099,379272,1.0,1.0,0.0,5,5,696827,0.647549,1.0,profiled,O:719733|B:212544|C:84727|A:51830|K:7265,O:259312|B:72604|C:26811|A:17886|K:2659,True,True
crashes,CRASH_YEAR,1076099,379272,1076099,379272,1.0,1.0,0.0,9,3,696827,0.647549,0.333333,profiled,2018:131848|2024:129244|2019:128172|2023:127597|2017:127375,2024:129243|2023:127596|2022:122433,True,True
crashes,C_PEOPLE,1076099,379272,1076099,379272,1.0,1.0,0.0,25,18,696827,0.647549,0.72,profiled,0:939598|1:96223|2:32324|3:5572|4:1592,0:333307|1:32031|2:11217|3:1908|4:519,False,False
crashes,DISTRACTED_NOTDISTRACTED,1076099,379272,1076099,379272,1.0,1.0,0.0,2,2,696827,0.647549,1.0,profiled,No:886425|Yes:189674,No:316307|Yes:62965,False,False
crashes,DOCUMENT_NBR,1076099,379272,1076099,379272,1.0,1.0,0.0,1076099,379272,696827,0.647549,0.352451,profiled,170785244:1|173135321:1|173035461:1|172925444:1|172245260:1,220775287:1|220895123:1|221335068:1|222415071:1|222155336:1,True,True
crashes,DROWSY_NOTDROWSY,1076099,379272,1076099,379272,1.0,1.0,0.0,2,2,696827,0.647549,1.0,profiled,No:1046860|Yes:29239,No:369436|Yes:9836,False,False
crashes,DRUG_NODRUG,1076099,379272,1076099,379272,1.0,1.0,0.0,2,2,696827,0.647549,1.0,profiled,No:1066536|Yes:9563,No:376109|Yes:3163,False,False
crashes,FAC,1076099,379272,1053968,371667,0.979434,0.979948,0.0,5,5,682301,0.647364,1.0,profiled,4-Two-Way Divided:545528|3-Two-Way Undivided:463979|1-One-Way Undivided:43581|5-Reversible Exclusively (e.g. 395R):781|2-One-Way Divided:99,4-Two-Way Divided:193141|3-Two-Way Undivided:162666|1-One-Way Undivided:15632|5-Reversible Exclusively (e.g. 395R):201|2-One-Way Divided:27,False,False
crashes,FIRST_HARMFUL_EVENT,1076099,379272,1076099,379272,1.0,1.0,0.0,42,42,696827,0.647549,1.0,profiled,20. Motor Vehicle In Transport:707051|23. Animal:57263|2. Trees:40820|5. Guard Rail:37085|28. Ran Off Road:31502,20. Motor Vehicle In Transport:248958|23. Animal:22347|2. Trees:13863|5. Guard Rail:13024|28. Ran Off Road:10730,False,False
crashes,FIRST_HARMFUL_EVENT_LOC,1076099,379272,1076099,379272,1.0,1.0,0.0,11,9,696827,0.647549,0.818182,profiled,"1. On Roadway:880604|4. Roadside:77170|2. Shoulder:75031|3. Median:15472|8. Off Roadway, Location Unknown:13165","1. On Roadway:312451|4. Roadside:26717|2. Shoulder:25134|3. Median:5313|8. Off Roadway, Location Unknown:4721",False,False
crashes,FUN,1076099,379272,1062525,374219,0.987386,0.986677,0.000709,7,7,688306,0.647802,1.0,profiled,"3-Principal Arterial - Other (E,2):275480|4-Minor Arterial (H,3):253656|1-Interstate (A,1):196455|5-Major Collector (I,4):146135|7-Local (J,6):128121","3-Principal Arterial - Other (E,2):96843|4-Minor Arterial (H,3):89149|1-Interstate (A,1):70171|5-Major Collector (I,4):51248|7-Local (J,6):44720",False,False
crashes,GR_NOGR,1076099,379272,1076099,379272,1.0,1.0,0.0,2,2,696827,0.647549,1.0,profiled,No:1019288|Yes:56811,No:359233|Yes:20039,False,False
crashes,HITRUN_NOT_HITRUN,1076099,379272,1076099,379272,1.0,1.0,0.0,2,2,696827,0.647549,1.0,profiled,No:993759|Yes:82340,No:348672|Yes:30600,False,False
crashes,INTERSECTION_ANALYSIS,1076099,379272,1076099,379272,1.0,1.0,0.0,3,3,696827,0.647549,1.0,profiled,Not Intersection:554628|VDOT Intersection:294073|Urban Intersection:227398,Not Intersection:195238|VDOT Intersection:105461|Urban Intersection:78573,False,True
crashes,INTERSECTION_TYPE,1076099,379272,1076099,379272,1.0,1.0,0.0,8,6,696827,0.647549,0.75,profiled,1. Not at Intersection:651863|4. Four Approaches:240714|3. Three Approaches:137560|2. Two Approaches:41284|6. Roundabout:2289,1. Not at Intersection:227479|4. Four Approaches:86186|3. Three Approaches:48871|2. Two Approaches:15046|6. Roundabout:938,True,True
crashes,JURIS_CODE,1076099,379272,1076099,379272,1.0,1.0,0.0,324,322,696827,0.647549,0.993827,profiled,29:98753|134:49815|127:48865|76:48562|43:48476,29:34999|76:18061|20:17473|127:16863|43:16370,False,False
crashes,K_PEOPLE,1076099,379272,1076099,379272,1.0,1.0,0.0,5,5,696827,0.647549,1.0,profiled,0:1068834|1:6851|2:359|3:47|4:8,0:376613|1:2510|2:129|3:18|4:2,False,False
crashes,LGTRUCK_NONLGTRUCK,1076099,379272,1076099,379272,1.0,1.0,0.0,2,2,696827,0.647549,1.0,profiled,No:985447|Yes:90652,No:345986|Yes:33286,False,False
crashes,LIGHT_CONDITION,1076099,379272,1076099,379272,1.0,1.0,0.0,8,7,696827,0.647549,0.875,profiled,2. Daylight:706515|5. Darkness - Road Not Lighted:159902|4. Darkness - Road Lighted:143842|3. Dusk:31506|1. Dawn:29602,2. Daylight:246032|5. Darkness - Road Not Lighted:57219|4. Darkness - Road Lighted:52390|3. Dusk:11090|1. Dawn:10833,False,False
crashes,MAINLINE_YN,1076099,379272,1076099,379272,1.0,1.0,0.0,2,2,696827,0.647549,1.0,profiled,Yes:1047608|No:28491,Yes:368941|No:10331,False,False
crashes,MOTOR_NONMOTOR,1076099,379272,1076099,379272,1.0,1.0,0.0,2,2,696827,0.647549,1.0,profiled,No:1058331|Yes:17768,No:372847|Yes:6425,False,False
crashes,MPO_NAME,1076099,379272,841057,295984,0.78158,0.7804,0.00118,15,15,545073,0.648081,1.0,profiled,NOVA:235672|HAMP:219808|RICH:169223|FRED:45785|ROAN:34891,NOVA:83705|HAMP:75169|RICH:59137|FRED:16026|ROAN:13338,False,False
crashes,NIGHT,1076099,379272,1076099,379272,1.0,1.0,0.0,2,2,696827,0.647549,1.0,profiled,No:769627|Yes:306472,No:268662|Yes:110610,False,False
crashes,NODE,1076099,379272,596402,210132,0.554226,0.55404,0.000186,57109,40501,386270,0.647667,0.709188,profiled,253136:529|617595:459|754224:423|253135:364|110483:338,253136:199|617595:139|754224:135|253135:131|378734:113,True,True
crashes,OFFSET,1076099,379272,596402,210132,0.554226,0.55404,0.000186,49371,43118,386270,0.647667,0.873347,profiled,0.0:23676|5.27:658|5.3:643|5.31:611|5.32:611,0.0:9549|5.31:237|5.27:237|5.3:230|5.32:229,True,True
crashes,OWNERSHIP,1076099,379272,1076099,379272,1.0,1.0,0.0,6,6,696827,0.647549,1.0,profiled,1. State Hwy Agency:706899|3. City or Town Hwy Agency:327878|2. County Hwy Agency:32385|6. Private/Unknown Roads:5226|4. Federal Roads:2091,1. State Hwy Agency:251198|3. City or Town Hwy Agency:113921|2. County Hwy Agency:11013|6. Private/Unknown Roads:2051|4. Federal Roads:556,False,False
crashes,PEDESTRIANS_INJURED,1076099,379272,1076099,379272,1.0,1.0,0.0,8,7,696827,0.647549,0.875,profiled,0:1063590|1:11954|2:500|3:44|4:6,0:374757|1:4298|2:190|3:23|4:2,False,False
crashes,PEDESTRIANS_KILLED,1076099,379272,1076099,379272,1.0,1.0,0.0,4,3,696827,0.647549,0.75,profiled,0:1074987|1:1100|2:11|3:1,0:378847|1:420|2:5,False,False
crashes,PED_NONPED,1076099,379272,1076099,379272,1.0,1.0,0.0,2,2,696827,0.647549,1.0,profiled,No:1062520|Yes:13579,No:374350|Yes:4922,False,False
crashes,PERSONS_INJURED,1076099,379272,1076099,379272,1.0,1.0,0.0,30,23,696827,0.647549,0.766667,profiled,0:724000|1:214604|2:99275|3:25634|4:8209,0:260870|1:69820|2:35269|3:9022|4:2733,False,False
crashes,PHYSICAL_JURIS,1076099,379272,1076099,379272,1.0,1.0,0.0,324,322,696827,0.647549,0.993827,profiled,029. Fairfax County:98753|134. City of Virginia Beach:49815|127. City of Richmond:48865|076. Prince William County:48562|043. Henrico County:48476,029. Fairfax County:34999|076. Prince William County:18061|020. Chesterfield County:17473|127. City of Richmond:16863|043. Henrico County:16370,False,False
crashes,PLAN_DISTRICT,1076099,379272,1076099,379272,1.0,1.0,0.0,25,25,696827,0.647549,1.0,profiled,"Northern Virginia:233064|Hampton Roads:219618|Richmond Regional:125441|George Washington Regional:54650|Richmond Regional, Crater:48992","Northern Virginia:82797|Hampton Roads:75132|Richmond Regional:43194|George Washington Regional:19369|Richmond Regional, Crater:17751",False,False
crashes,RD_TYPE,1076099,379272,1076099,379272,1.0,1.0,0.0,4,4,696827,0.647549,1.0,profiled,NOT_RD:852975|RD_UNKNOWN:84277|RD_RIGHT:79904|RD_LEFT:58943,NOT_RD:302445|RD_UNKNOWN:29479|RD_RIGHT:27157|RD_LEFT:20191,False,False
crashes,RELATION_TO_ROADWAY,1076099,379272,1076099,379272,1.0,1.0,0.0,17,15,696827,0.647549,0.882353,profiled,8. Non-Intersection:455160|9. Within Intersection:245534|1. Main-Line Roadway:193848|10. Intersection Related - Within 150 Feet:110466|5. On Entrance/Exit Ramp:25126,8. Non-Intersection:161815|9. Within Intersection:89626|1. Main-Line Roadway:65232|10. Intersection Related - Within 150 Feet:38009|5. On Entrance/Exit Ramp:8881,False,False
crashes,RNS_MP,1076099,379272,1072333,377840,0.9965,0.996224,0.000276,38439,32242,694493,0.647647,0.838784,profiled,0.02:8785|0.01:8178|0.0:7705|0.04:6168|0.03:5942,0.02:3182|0.01:2977|0.0:2694|0.04:2227|0.06:2122,True,True
crashes,ROADWAY_ALIGNMENT,1076099,379272,1076082,379272,0.999984,1.0,0.0,10,10,696810,0.647544,1.0,profiled,1. Straight - Level:805369|3. Grade - Straight:98008|2. Curve - Level:83106|4. Grade - Curve:48413|5. Hillcrest - Straight:14214,1. Straight - Level:287208|3. Grade - Straight:31833|2. Curve - Level:29157|4. Grade - Curve:16106|5. Hillcrest - Straight:4981,False,False
crashes,ROADWAY_DEFECT,1076099,379272,1076099,379272,1.0,1.0,0.0,12,10,696827,0.647549,0.833333,profiled,"1. No Defects:1049926|7. Slick Pavement:13549|2. Holes, Ruts, Bumps:2746|5. Loose Material:1999|4. Under Repair:1702","1. No Defects:370937|7. Slick Pavement:3957|2. Holes, Ruts, Bumps:1063|5. Loose Material:649|4. Under Repair:583",False,False
crashes,ROADWAY_DESCRIPTION,1076099,379272,1076099,379272,1.0,1.0,0.0,7,5,696827,0.647549,0.714286,profiled,"1. Two-Way, Not Divided:421830|3. Two-Way, Divided, Positive Median Barrier:312107|2. Two-Way, Divided, Unprotected Median:304752|4. One-Way, Not Divided:34755|5. Unknown:2501","1. Two-Way, Not Divided:147915|2. Two-Way, Divided, Unprotected Median:110343|3. Two-Way, Divided, Positive Median Barrier:107747|4. One-Way, Not Divided:12374|5. Unknown:893",True,True
crashes,ROADWAY_SURFACE_COND,1076099,379272,1076099,379272,1.0,1.0,0.0,13,11,696827,0.647549,0.846154,profiled,"1. Dry:876478|2. Wet:174100|4. Icy:10774|3. Snowy:9481|11. Sand, Dirt, Gravel:1509","1. Dry:313878|2. Wet:59422|4. Icy:2358|3. Snowy:1988|11. Sand, Dirt, Gravel:458",False,False
crashes,ROADWAY_SURFACE_TYPE,1076099,379272,1076099,379272,1.0,1.0,0.0,7,6,696827,0.647549,0.857143,profiled,"2. Blacktop, Asphalt, Bituminous:1029746|1. Concrete:40630|4. Slag, Gravel, Stone:3802|5. Dirt:806|6. Other:602","2. Blacktop, Asphalt, Bituminous:363673|1. Concrete:13738|4. Slag, Gravel, Stone:1213|6. Other:241|5. Dirt:235",False,False
crashes,RTE_NM,1076099,379272,1076098,379272,0.999999,1.0,0.0,59746,36174,696826,0.647549,0.605463,profiled,R-VA   IS00095SB:24407|R-VA   IS00095NB:24234|R-VA   IS00064EB:20207|R-VA   IS00064WB:18563|R-VA   IS00081NB:12294,R-VA   IS00095SB:8989|R-VA   IS00095NB:8740|R-VA   IS00064EB:7139|R-VA   IS00064WB:6269|R-VA   IS00081NB:4601,True,True
crashes,SCHOOL_ZONE,1076099,379272,1076099,379272,1.0,1.0,0.0,5,4,696827,0.647549,0.8,profiled,3. No:1061023|1. Yes:10653|2. Yes - With School Activity:3917|Not Applicable:504|Not Provided:2,3. No:374033|1. Yes:3696|2. Yes - With School Activity:1542|Not Applicable:1,False,False
crashes,SENIOR_NOTSENIOR,1076099,379272,1076099,379272,1.0,1.0,0.0,2,2,696827,0.647549,1.0,profiled,No:889537|Yes:186562,No:310529|Yes:68743,False,False
crashes,SPEED_DIFF_MAX,1076099,379272,220630,75855,0.205028,0.200002,0.005026,125,96,144775,0.656189,0.768,profiled,5.0:66869|10.0:50174|15.0:29465|20.0:19668|25.0:11686,5.0:23827|10.0:17464|15.0:10234|20.0:6902|25.0:4218,False,False
crashes,SPEED_NOTSPEED,1076099,379272,1076099,379272,1.0,1.0,0.0,2,2,696827,0.647549,1.0,profiled,No:855454|Yes:220645,No:303416|Yes:75856,False,False
crashes,SYSTEM,1076099,379272,1076099,379272,1.0,1.0,0.0,5,5,696827,0.647549,1.0,profiled,VDOT Primary:289460|VDOT Secondary:227220|NonVDOT secondary:198521|VDOT Interstate:190219|NonVDOT primary:170679,VDOT Primary:102954|VDOT Secondary:80370|NonVDOT secondary:68362|VDOT Interstate:67874|NonVDOT primary:59712,False,False
crashes,TRAFFIC_CONTROL_TYPE,1076099,379272,1076099,379272,1.0,1.0,0.0,18,18,696827,0.647549,1.0,profiled,6. Traffic Lanes Marked:535473|3. Traffic Signal:216252|1. No Traffic Control:138527|4. Stop Sign:96047|7. No Passing Lines:48056,6. Traffic Lanes Marked:190852|3. Traffic Signal:76070|1. No Traffic Control:47217|4. Stop Sign:34431|7. No Passing Lines:16188,True,True
crashes,TRFC_CTRL_STATUS_TYPE,1076099,379272,1076099,379272,1.0,1.0,0.0,8,6,696827,0.647549,0.75,profiled,1. Yes - Working:906036|6. No Traffic Control Device Present:162273|2. Yes - Working and Obscured:5086|3. Yes - Not Working:1748|4. Yes - Not Working and Obscured:402,1. Yes - Working:321962|6. No Traffic Control Device Present:55019|2. Yes - Working and Obscured:1521|3. Yes - Not Working:545|4. Yes - Not Working and Obscured:114,False,False
crashes,VDOT_DISTRICT,1076099,379272,1076099,379272,1.0,1.0,0.0,9,9,696827,0.647549,1.0,profiled,9. Northern Virginia:233064|5. Hampton Roads:232766|4. Richmond:209995|2. Salem:93871|8. Staunton:79386,9. Northern Virginia:82797|5. Hampton Roads:79672|4. Richmond:73979|2. Salem:33796|8. Staunton:29108,False,False
crashes,VEH_COUNT,1076099,379272,1076085,379272,0.999987,1.0,0.0,19,15,696813,0.647545,0.789474,profiled,2.0:655037|1.0:313740|3.0:87277|4.0:15683|5.0:3110,2.0:232235|1.0:111277|3.0:29064|4.0:5228|5.0:1054,True,True
crashes,VSP,1076099,379272,1076099,379272,1.0,1.0,0.0,7,7,696827,0.647549,1.0,profiled,5:240628|7:233064|1:224567|2:123139|6:105846,7:82797|5:82323|1:79217|2:43611|6:38270,False,False
crashes,WEATHER_CONDITION,1076099,379272,1076099,379272,1.0,1.0,0.0,11,10,696827,0.647549,0.909091,profiled,1. No Adverse Condition (Clear/Cloudy):897319|5. Rain:140939|6. Snow:14226|4. Mist:13380|3. Fog:4960,1. No Adverse Condition (Clear/Cloudy):320230|5. Rain:48805|4. Mist:4107|6. Snow:3110|3. Fog:1816,False,False
crashes,WORK_ZONE_LOCATION,1076099,379272,33167,12597,0.030822,0.033214,0.0,4,4,20570,0.620195,1.0,profiled,3. Activity Area:22945|1. Advance Warning Area:4945|2. Transition Area:4058|4. Termination Area:1219,3. Activity Area:8680|1. Advance Warning Area:1893|2. Transition Area:1577|4. Termination Area:447,False,False
crashes,WORK_ZONE_RELATED,1076099,379272,1076099,379272,1.0,1.0,0.0,4,3,696827,0.647549,0.75,profiled,2. No:1042282|1. Yes:33210|Not Applicable:586|Not Provided:21,2. No:366672|1. Yes:12597|Not Applicable:3,False,False
crashes,WORK_ZONE_TYPE,1076099,379272,33184,12598,0.030837,0.033216,0.0,5,5,20586,0.620359,1.0,profiled,3. Work on Shoulder or Median:19470|1. Lane Closure:7219|2. Lane Shift/Crossover:2441|5. Other:2192|4. Intermittent or Moving Work:1862,3. Work on Shoulder or Median:7466|1. Lane Closure:2677|2. Lane Shift/Crossover:836|4. Intermittent or Moving Work:816|5. Other:803,False,False
crashes,YOUNG_NOTYOUNG,1076099,379272,1076099,379272,1.0,1.0,0.0,2,2,696827,0.647549,1.0,profiled,No:878182|Yes:197917,No:310006|Yes:69266,False,False
crashes,geometry,1076099,379272,1076089,379272,0.999991,1.0,0.0,1,352605,696817,0.647546,352605.0,profiled,Point:1076089,POINT (275277.01893 110609.775251):25|POINT (179934.988323 176965.052618):20|POINT (210675.136541 324419.654958):17|POINT (175102.365789 250692.754576):16|POINT (175102.389601 250691.139254):14,False,False
signals,ADDRKEY,3933,3933,535,535,0.136028,0.136028,0.0,184,184,0,0.0,1.0,profiled,1.0:323|121853.0:4|9629.0:4|61810.0:2|2445.0:2,1.0:323|121853.0:4|9629.0:4|61810.0:2|2445.0:2,False,False
signals,APS,3933,3933,799,799,0.203153,0.203153,0.0,6,6,0,0.0,1.0,profiled,NOT Appropriate:369|Installed on all appropriate approaches:247|Appropriate but Not Planned and Not Funded:150|Installed on some but not all appropriate approaches:22|Planned and Funded:8,NOT Appropriate:369|Installed on all appropriate approaches:247|Appropriate but Not Planned and Not Funded:150|Installed on some but not all appropriate approaches:22|Planned and Funded:8,False,False
signals,AREACD,3933,3933,508,508,0.129163,0.129163,0.0,5,5,0,0.0,1.0,profiled,W2:165|W4:148|W3:87|W5:67|W1:41,W2:165|W4:148|W3:87|W5:67|W1:41,False,False
signals,ASBLT,3933,3933,0,0,0.0,0.0,0.0,0,0,0,0.0,,profiled,,,False,False
signals,ASSET_GROUP,3933,3933,7,7,0.00178,0.00178,0.0,4,4,0,0.0,1.0,profiled,Check Location:4|087-0005-01:1|757-566-3475:1|75-0006-04:1,Check Location:4|087-0005-01:1|757-566-3475:1|75-0006-04:1,False,True
signals,ASSET_ID,3933,3933,2959,2959,0.752352,0.752352,0.0,2959,2959,0,0.0,1.0,profiled,884.0:1|885.0:1|886.0:1|887.0:1|888.0:1,884.0:1|885.0:1|886.0:1|887.0:1|888.0:1,True,True
signals,ASSET_NUM,3933,3933,3069,3069,0.78032,0.78032,0.0,3063,3063,0,0.0,1.0,profiled,001-0013-08:2|019-0221-08:2|041-0060-30:2|131-0013-06:2|177-0628-03:2,001-0013-08:2|019-0221-08:2|041-0060-30:2|131-0013-06:2|177-0628-03:2,True,True
signals,ASSET_SUBTYPE,3933,3933,3153,3153,0.801678,0.801678,0.0,1,1,0,0.0,1.0,profiled,Traffic Signal:3153,Traffic Signal:3153,False,True
signals,ATSPM,3933,3933,240,240,0.061022,0.061022,0.0,2,2,0,0.0,1.0,profiled,No:194|Yes:46,No:194|Yes:46,False,False
signals,BGTNO,3933,3933,1,1,0.000254,0.000254,0.0,1,1,0,0.0,1.0,profiled,FY17 GF 10 310 322:1,FY17 GF 10 310 322:1,False,False
signals,COMMENTS,3933,3933,874,874,0.222222,0.222222,0.0,504,504,0,0.0,1.0,profiled,Insync:22|INSYNC:19|Steve Stinson 09/14/2020 HMMS data collection :11|Erika McLaughlin 9/17 Collector :11|Steve Stinson 10/14/2020 HMMS data collection :11,Insync:22|INSYNC:19|Steve Stinson 09/14/2020 HMMS data collection :11|Erika McLaughlin 9/17 Collector :11|Steve Stinson 10/14/2020 HMMS data collection :11,False,False
signals,COMPKEY,3933,3933,538,538,0.136791,0.136791,0.0,506,506,0,0.0,1.0,profiled,1116961.0:4|1120650.0:4|1406022.0:3|1092870.0:2|1116960.0:2,1116961.0:4|1120650.0:4|1406022.0:3|1092870.0:2|1116960.0:2,False,False
signals,COORDINATION,3933,3933,1057,1057,0.268752,0.268752,0.0,2,2,0,0.0,1.0,profiled,Coordinated:632|Isolated:425,Coordinated:632|Isolated:425,False,False
signals,CREATEDBY,3933,3933,592,592,0.150521,0.150521,0.0,5,5,0,0.0,1.0,profiled,MSARGEN:525|ETILLMA:48|MSTRALE:12|KTWIFOR:6|AJJOHNS:1,MSARGEN:525|ETILLMA:48|MSTRALE:12|KTWIFOR:6|AJJOHNS:1,False,False
signals,CREATED_DATE,3933,3933,194,194,0.049326,0.049326,0.0,194,194,0,0.0,1.0,profiled,2017-08-31 17:00:56+00:00:1|2018-01-23 15:42:58+00:00:1|2018-01-23 16:19:05+00:00:1|2018-01-23 18:31:23+00:00:1|2018-01-24 19:29:13+00:00:1,2017-08-31 17:00:56+00:00:1|2018-01-23 15:42:58+00:00:1|2018-01-23 16:19:05+00:00:1|2018-01-23 18:31:23+00:00:1|2018-01-24 19:29:13+00:00:1,False,False
signals,CREATED_USER,3933,3933,194,194,0.049326,0.049326,0.0,3,3,0,0.0,1.0,profiled,hmms_editor:111|hmms_x:75|HMMS_Editor:8,hmms_editor:111|hmms_x:75|HMMS_Editor:8,False,False
signals,DATECREATED,3933,3933,592,592,0.150521,0.150521,0.0,68,68,0,0.0,1.0,profiled,2019-08-20 17:46:27+00:00:525|2020-01-13 14:44:55+00:00:1|2020-02-19 21:19:04+00:00:1|2020-02-21 16:39:43+00:00:1|2020-10-23 19:04:28+00:00:1,2019-08-20 17:46:27+00:00:525|2020-01-13 14:44:55+00:00:1|2020-02-19 21:19:04+00:00:1|2020-02-21 16:39:43+00:00:1|2020-10-23 19:04:28+00:00:1,False,False
signals,DATEEDITED,3933,3933,592,592,0.150521,0.150521,0.0,110,110,0,0.0,1.0,profiled,2020-08-05 14:04:58+00:00:27|2020-08-05 14:05:08+00:00:27|2020-08-05 14:05:15+00:00:27|2020-08-05 14:05:19+00:00:27|2020-08-05 14:05:11+00:00:24,2020-08-05 14:04:58+00:00:27|2020-08-05 14:05:08+00:00:27|2020-08-05 14:05:15+00:00:27|2020-08-05 14:05:19+00:00:27|2020-08-05 14:05:11+00:00:24,False,False
signals,DETECTION,3933,3933,2145,2145,0.545385,0.545385,0.0,2,2,0,0.0,1.0,profiled,Yes:2129|No:16,Yes:2129|No:16,False,False
signals,DISTRICT,3933,3933,3304,3304,0.840071,0.840071,0.0,45,45,0,0.0,1.0,profiled,Northern Virginia:1477|Richmond:495|Fredericksburg:273|Staunton:219|Hampton Roads:187,Northern Virginia:1477|Richmond:495|Fredericksburg:273|Staunton:219|Hampton Roads:187,False,False
signals,EXPBY,3933,3933,1,1,0.000254,0.000254,0.0,1,1,0,0.0,1.0,profiled,12105:1,12105:1,False,False
signals,EXPDATE,3933,3933,1,1,0.000254,0.000254,0.0,1,1,0,0.0,1.0,profiled,2005-10-28 00:00:00+00:00:1,2005-10-28 00:00:00+00:00:1,False,False
signals,FYA,3933,3933,3097,3097,0.78744,0.78744,0.0,6,6,0,0.0,1.0,profiled,NOT Appropriate:1280|Installed on all appropriate approaches:816|Appropriate but Not Planned and Not Funded:816|Planned and Not Funded:84|Planned and Funded:52,NOT Appropriate:1280|Installed on all appropriate approaches:816|Appropriate but Not Planned and Not Funded:816|Planned and Not Funded:84|Planned and Funded:52,False,False
signals,GLOBALID,3933,3933,3153,3153,0.801678,0.801678,0.0,3153,3153,0,0.0,1.0,profiled,{4E37C4C9-41F1-4910-BFBE-5B78F87A0CAD}:1|{5D45446D-A14F-40FF-919E-A0AC491BB70C}:1|{FFFFD3D2-2E5B-4D20-9C41-1686E4516CD2}:1|{4D58D53A-3CB0-4D21-AE29-8BE936C280EB}:1|{3C893304-83BC-4770-A241-B82C576D3250}:1,{4E37C4C9-41F1-4910-BFBE-5B78F87A0CAD}:1|{5D45446D-A14F-40FF-919E-A0AC491BB70C}:1|{FFFFD3D2-2E5B-4D20-9C41-1686E4516CD2}:1|{4D58D53A-3CB0-4D21-AE29-8BE936C280EB}:1|{3C893304-83BC-4770-A241-B82C576D3250}:1,True,True
signals,HVSB,3933,3933,3086,3086,0.784643,0.784643,0.0,3,3,0,0.0,1.0,profiled,HVSB Installed:2049|HVSB Not Funded:947|HVSB Planned and Funded:90,HVSB Installed:2049|HVSB Not Funded:947|HVSB Planned and Funded:90,False,False
signals,INID,3933,3933,188,188,0.047801,0.047801,0.0,165,165,0,0.0,1.0,profiled,0.0:17|5641.0:4|6601.0:3|7216.0:2|8004.0:2,0.0:17|5641.0:4|6601.0:3|7216.0:2|8004.0:2,False,False
signals,INSTALL_DATE,3933,3933,605,605,0.153827,0.153827,0.0,531,531,0,0.0,1.0,profiled,2016-03-01 00:00:00+00:00:9|2011-05-23 00:00:00+00:00:7|2020-03-31 00:00:00+00:00:7|2018-02-05 00:00:00+00:00:5|2009-06-30 00:00:00+00:00:4,2016-03-01 00:00:00+00:00:9|2011-05-23 00:00:00+00:00:7|2020-03-31 00:00:00+00:00:7|2018-02-05 00:00:00+00:00:5|2009-06-30 00:00:00+00:00:4,False,False
signals,INSTDATE,3933,3933,234,234,0.059497,0.059497,0.0,180,180,0,0.0,1.0,profiled,2023-05-01 00:00:00+00:00:6|2014-12-17 00:00:00+00:00:4|2010-06-17 00:00:00+00:00:4|2010-03-31 00:00:00+00:00:4|2016-06-08 00:00:00+00:00:4,2023-05-01 00:00:00+00:00:6|2014-12-17 00:00:00+00:00:4|2010-06-17 00:00:00+00:00:4|2010-03-31 00:00:00+00:00:4|2016-06-08 00:00:00+00:00:4,False,False
signals,INTKEY,3933,3933,492,492,0.125095,0.125095,0.0,467,467,0,0.0,1.0,profiled,5490.0:2|5491.0:2|5493.0:2|5523.0:2|5546.0:2,5490.0:2|5491.0:2|5493.0:2|5523.0:2|5546.0:2,False,True
signals,INTNO,3933,3933,186,186,0.047292,0.047292,0.0,186,186,0,0.0,1.0,profiled,0001TL:1|0002TL:1|0003TL:1|0004TL:1|0005TL:1,0001TL:1|0002TL:1|0003TL:1|0004TL:1|0005TL:1,True,True
signals,INTNUM,3933,3933,186,186,0.047292,0.047292,0.0,184,184,0,0.0,1.0,profiled,0068:2|0080:2|0001:1|0002:1|0003:1,0068:2|0080:2|0001:1|0002:1|0003:1,True,True
signals,InLucity,3933,3933,592,592,0.150521,0.150521,0.0,2,2,0,0.0,1.0,profiled,1.0:589|0.0:3,1.0:589|0.0:3,False,False
signals,IntType,3933,3933,1,1,0.000254,0.000254,0.0,1,1,0,0.0,1.0,profiled,Intersection:1,Intersection:1,False,True
signals,LAST_EDITED_DATE,3933,3933,3153,3153,0.801678,0.801678,0.0,2681,2681,0,0.0,1.0,profiled,2018-09-06 22:11:51+00:00:16|2018-09-06 22:11:05+00:00:16|2018-09-06 22:11:12+00:00:15|2018-09-06 22:11:03+00:00:14|2018-09-06 22:11:07+00:00:14,2018-09-06 22:11:51+00:00:16|2018-09-06 22:11:05+00:00:16|2018-09-06 22:11:12+00:00:15|2018-09-06 22:11:03+00:00:14|2018-09-06 22:11:07+00:00:14,False,False
signals,LAST_EDITED_USER,3933,3933,3153,3153,0.801678,0.801678,0.0,4,4,0,0.0,1.0,profiled,hmms_editor:2518|GIS_DATA:515|HMMS_Editor:108|hmms_x:12,hmms_editor:2518|GIS_DATA:515|HMMS_Editor:108|hmms_x:12,False,False
signals,LOC,3933,3933,535,535,0.136028,0.136028,0.0,2,2,0,0.0,1.0,profiled,TOC2:512|STC:23,TOC2:512|STC:23,False,False
signals,LOCATOR,3933,3933,551,551,0.140097,0.140097,0.0,516,516,0,0.0,1.0,profiled,"2450 RUSH ST:4|N/E CORNER OF S. MAIN/LIBERTY ST., 700 SOUTH MAIN ST. NORFOLK, VA:3|RFB OCEAN VIEW PARK PED CROSSING :3|150 BOUSH:2|GRANBY & OCEAN & BAY:2","2450 RUSH ST:4|N/E CORNER OF S. MAIN/LIBERTY ST., 700 SOUTH MAIN ST. NORFOLK, VA:3|RFB OCEAN VIEW PARK PED CROSSING :3|150 BOUSH:2|GRANBY & OCEAN & BAY:2",False,False
signals,LUCITYID,3933,3933,589,589,0.149758,0.149758,0.0,589,589,0,0.0,1.0,profiled,L002:1|L003:1|L004:1|L005:1|L006:1,L002:1|L003:1|L004:1|L005:1|L006:1,False,False
signals,LastSynDate,3933,3933,589,589,0.149758,0.149758,0.0,110,110,0,0.0,1.0,profiled,2020-08-05 14:05:05+00:00:30|2020-08-05 14:05:16+00:00:30|2020-08-05 14:04:58+00:00:27|2020-08-05 14:05:19+00:00:26|2020-08-05 14:05:09+00:00:24,2020-08-05 14:05:05+00:00:30|2020-08-05 14:05:16+00:00:30|2020-08-05 14:04:58+00:00:27|2020-08-05 14:05:19+00:00:26|2020-08-05 14:05:09+00:00:24,False,False
signals,LucityAutoID,3933,3933,589,589,0.149758,0.149758,0.0,589,589,0,0.0,1.0,profiled,17.0:1|18.0:1|19.0:1|20.0:1|21.0:1,17.0:1|18.0:1|19.0:1|20.0:1|21.0:1,False,False
signals,MAINT_JURISDICTION,3933,3933,3151,3151,0.80117,0.80117,0.0,89,89,0,0.0,1.0,profiled,029:907|076:333|053:235|020:218|043:157,029:907|076:333|053:235|020:218|043:157,False,True
signals,MAINT_RESP,3933,3933,3136,3136,0.797356,0.797356,0.0,9,9,0,0.0,1.0,profiled,Northern Virginia:1461|Richmond:495|Fredericksburg:272|Staunton:219|Hampton Roads:187,Northern Virginia:1461|Richmond:495|Fredericksburg:272|Staunton:219|Hampton Roads:187,False,True
signals,MAJ_NAME,3933,3933,3132,3132,0.796339,0.796339,0.0,861,861,0,0.0,1.0,profiled,Richmond Highway:68|Lee Highway:59|Leesburg Pike:49|W. Broad St:38|Courthouse Rd:37,Richmond Highway:68|Lee Highway:59|Leesburg Pike:49|W. Broad St:38|Courthouse Rd:37,True,True
signals,MAJ_NUM,3933,3933,3136,3136,0.797356,0.797356,0.0,458,458,0,0.0,1.0,profiled,1:149|29:96|17:81|60:75|250:74,1:149|29:96|17:81|60:75|250:74,True,True
signals,MAPNO,3933,3933,9,9,0.002288,0.002288,0.0,6,6,0,0.0,1.0,profiled,9130-J8:2|9130 - J8:2|9244-K4:2|9131-C6:1|9130-D6:1,9130-J8:2|9130 - J8:2|9244-K4:2|9131-C6:1|9130-D6:1,False,False
signals,MINOR_NAME,3933,3933,3141,3141,0.798627,0.798627,0.0,2835,2835,0,0.0,1.0,profiled,Sunrise Valley Drive:8|Main St:6|Courthouse Rd.:5|Braddock Road:5|Old Dominion Drive:5,Sunrise Valley Drive:8|Main St:6|Courthouse Rd.:5|Braddock Road:5|Old Dominion Drive:5,True,True
signals,MINOR_NUM,3933,3933,2344,2344,0.595983,0.595983,0.0,1417,1417,0,0.0,1.0,profiled,NR:51|NA - County Rd.:26|NA - County Rd:21|I-95:15|NIS:14,NR:51|NA - County Rd.:26|NA - County Rd:21|I-95:15|NIS:14,True,True
signals,MODIFIEDBY,3933,3933,592,592,0.150521,0.150521,0.0,5,5,0,0.0,1.0,profiled,MSARGEN:463|KTWIFOR:65|ETILLMA:40|MSTRALE:23|AJJOHNS:1,MSARGEN:463|KTWIFOR:65|ETILLMA:40|MSTRALE:23|AJJOHNS:1,False,False
signals,OBJECTID_1,3933,3933,188,188,0.047801,0.047801,0.0,188,188,0,0.0,1.0,profiled,1.0:1|2.0:1|3.0:1|4.0:1|5.0:1,1.0:1|2.0:1|3.0:1|4.0:1|5.0:1,False,False
signals,OWN,3933,3933,535,535,0.136028,0.136028,0.0,3,3,0,0.0,1.0,profiled,NTRS:530|CONT:4|VDOT:1,NTRS:530|CONT:4|VDOT:1,False,False
signals,PEDBUTTONS,3933,3933,539,539,0.137046,0.137046,0.0,2,2,0,0.0,1.0,profiled,N:360|Y:179,N:360|Y:179,False,False
signals,PEDSIGNAL,3933,3933,2216,2216,0.563438,0.563438,0.0,2,2,0,0.0,1.0,profiled,No:1182|Yes:1034,No:1182|Yes:1034,False,True
signals,PRCLKEY,3933,3933,535,535,0.136028,0.136028,0.0,1,1,0,0.0,1.0,profiled,1.0:535,1.0:535,False,False
signals,PREEMPTION,3933,3933,2316,2316,0.588863,0.588863,0.0,2,2,0,0.0,1.0,profiled,Yes:1468|No:848,Yes:1468|No:848,False,False
signals,PROJECTUPC,3933,3933,44,44,0.011187,0.011187,0.0,20,20,0,0.0,1.0,profiled,UPC106240:8|107034:7|13558:6|101020:4|107715:2,UPC106240:8|107034:7|13558:6|101020:4|107715:2,False,False
signals,REDLIGHTCAM,3933,3933,532,532,0.135266,0.135266,0.0,2,2,0,0.0,1.0,profiled,N:530|Y:2,N:530|Y:2,False,False
signals,REG_SIGNAL_ID,3933,3933,3153,3153,0.801678,0.801678,0.0,3151,3151,0,0.0,1.0,profiled,7102:2|7105:2|001022:1|001001:1|001002:1,7102:2|7105:2|001022:1|001001:1|001002:1,True,True
signals,ROUTE_TYPE,3933,3933,3153,3153,0.801678,0.801678,0.0,2,2,0,0.0,1.0,profiled,Primary:1985|Secondary:1168,Primary:1985|Secondary:1168,False,True
signals,SEGKEY,3933,3933,535,535,0.136028,0.136028,0.0,5,5,0,0.0,1.0,profiled,1.0:531|744795.0:1|744870.0:1|750475.0:1|748465.0:1,1.0:531|744795.0:1|744870.0:1|750475.0:1|748465.0:1,False,False
signals,SERVSTAT,3933,3933,569,569,0.144673,0.144673,0.0,8,8,0,0.0,1.0,profiled,I:259|I+:152|I-:137|O:11|T:4,I:259|I+:152|I-:137|O:11|T:4,False,False
signals,SIGNAL_MODE,3933,3933,893,893,0.227053,0.227053,0.0,2,2,0,0.0,1.0,profiled,No:790|Yes:103,No:790|Yes:103,False,True
signals,SIGNAL_NO,3933,3933,188,188,0.047801,0.047801,0.0,185,185,0,0.0,1.0,profiled,68.0:2|80.0:2|0.0:2|1.0:1|2.0:1,68.0:2|80.0:2|0.0:2|1.0:1|2.0:1,True,True
signals,STATUS,3933,3933,3153,3153,0.801678,0.801678,0.0,3,3,0,0.0,1.0,profiled,Active:3134|Proposed:14|Under Construction:5,Active:3134|Proposed:14|Under Construction:5,True,True
signals,STKEY,3933,3933,535,535,0.136028,0.136028,0.0,5,5,0,0.0,1.0,profiled,1.0:531|1591.0:1|1594.0:1|2436.0:1|2178.0:1,1.0:531|1591.0:1|1594.0:1|2436.0:1|2178.0:1,False,False
signals,SUBAREA,3933,3933,4,4,0.001017,0.001017,0.0,3,3,0,0.0,1.0,profiled,SW6:2|SW7:1|29:1,SW6:2|SW7:1|29:1,False,False
signals,UNITDESC,3933,3933,590,590,0.150013,0.150013,0.0,550,550,0,0.0,1.0,profiled,COLEMAN PLACE ELEMENTARY:4|ST. HELENA ELEMENTARY:4|JACOX ELEMENTARY:4|OCEANVIEW ELEMENTARY:3|RFB OCEAN VW PARK PED CROSSING:3,COLEMAN PLACE ELEMENTARY:4|ST. HELENA ELEMENTARY:4|JACOX ELEMENTARY:4|OCEANVIEW ELEMENTARY:3|RFB OCEAN VW PARK PED CROSSING:3,False,False
signals,UNITID,3933,3933,591,591,0.150267,0.150267,0.0,552,552,0,0.0,1.0,profiled,L607:4|L633:4|L619:4|L628:3|L700:3,L607:4|L633:4|L619:4|L628:3|L700:3,False,False
signals,UNITTYPE,3933,3933,591,591,0.150267,0.150267,0.0,14,14,0,0.0,1.0,profiled,4WAY:299|SCHFLH:109|SPDRDR:48|CAMERA:31|PEDXWN:26,4WAY:299|SCHFLH:109|SPDRDR:48|CAMERA:31|PEDXWN:26,False,False
signals,UPS,3933,3933,3059,3059,0.777778,0.777778,0.0,2,2,0,0.0,1.0,profiled,Yes:2387|No:672,Yes:2387|No:672,False,False
signals,USGAREAKEY,3933,3933,338,338,0.085939,0.085939,0.0,313,313,0,0.0,1.0,profiled,307.0:4|45.0:3|330.0:2|165.0:2|127.0:2,307.0:4|45.0:3|330.0:2|165.0:2|127.0:2,False,False
signals,XCOORD,3933,3933,537,537,0.136537,0.136537,0.0,534,534,0,0.0,1.0,profiled,12127791.00012647:2|12128696.09608531:2|12129744.00015748:2|12145504.50013247:1|12146319.3009963:1,12127791.00012647:2|12128696.09608531:2|12129744.00015748:2|12145504.50013247:1|12146319.3009963:1,False,False
signals,YCOORD,3933,3933,537,537,0.136537,0.136537,0.0,535,535,0,0.0,1.0,profiled,3474810.51237373:2|3473992.49990214:2|3483016.37489897:1|3479053.97665581:1|3481161.0000008:1,3474810.51237373:2|3473992.49990214:2|3483016.37489897:1|3479053.97665581:1|3481161.0000008:1,False,False
signals,geometry,3933,3933,3933,3933,1.0,1.0,0.0,1,3932,0,0.0,3932.0,profiled,Point:3933,POINT (286006.554368 98790.759522):2|POINT (325712.773614 177818.930286):1|POINT (327957.218326 182573.095325):1|POINT (330165.77612 187119.510586):1|POINT (331451.523995 189890.51816):1,False,False
